Generating temporary certificate...
Compiling application...
BUILD SUCCESSFUL
Launching simulator...
Running tests...
COVHIT 0
COVHIT 1
COVHIT 4
COVHIT 205
COVHIT 34
COVHIT 52
COVHIT 35
COVHIT 50
COVHIT 46
COVHIT 36
COVHIT 37
COVHIT 44
COVHIT 374
COVHIT 116
COVHIT 375
COVHIT 132
COVHIT 133
COVHIT 125
COVHIT 417
COVHIT 19
COVHIT 33
COVHIT 20
COVHIT 22
COVHIT 21
COVHIT 62
COVHIT 59
COVHIT 69
COVHIT 61
COVHIT 60
COVHIT 64
COVHIT 418
COVHIT 31
COVHIT 419
COVHIT 206
COVHIT 376
COVHIT 273
COVHIT 6
COVHIT 194
------------------------------------------------------------------------------
Executing test testPausedUpNavigatesHome...
COVHIT 5
PASS
COVHIT 2
COVHIT 0
COVHIT 1
COVHIT 4
COVHIT 205
COVHIT 34
COVHIT 52
COVHIT 35
COVHIT 50
COVHIT 46
COVHIT 36
COVHIT 37
COVHIT 44
COVHIT 374
COVHIT 116
COVHIT 375
COVHIT 132
COVHIT 133
COVHIT 125
COVHIT 417
COVHIT 19
COVHIT 33
COVHIT 20
COVHIT 22
COVHIT 21
COVHIT 62
COVHIT 59
COVHIT 69
COVHIT 61
COVHIT 60
COVHIT 64
COVHIT 418
COVHIT 31
COVHIT 419
COVHIT 206
COVHIT 376
COVHIT 273
COVHIT 6
COVHIT 194
------------------------------------------------------------------------------
Executing test testActiveAndIdleUpKeepExistingActions...
COVHIT 5
PASS
COVHIT 2
COVHIT 0
COVHIT 1
COVHIT 4
COVHIT 205
COVHIT 34
COVHIT 52
COVHIT 35
COVHIT 50
COVHIT 46
COVHIT 36
COVHIT 37
COVHIT 44
COVHIT 374
COVHIT 116
COVHIT 375
COVHIT 132
COVHIT 133
COVHIT 125
COVHIT 417
COVHIT 19
COVHIT 33
COVHIT 20
COVHIT 22
COVHIT 21
COVHIT 62
COVHIT 59
COVHIT 69
COVHIT 61
COVHIT 60
COVHIT 64
COVHIT 418
COVHIT 31
COVHIT 419
COVHIT 206
COVHIT 376
COVHIT 273
COVHIT 6
COVHIT 194
------------------------------------------------------------------------------
Executing test testSanity...
PASS
COVHIT 2
COVHIT 0
COVHIT 1
COVHIT 4
COVHIT 205
COVHIT 34
COVHIT 52
COVHIT 35
COVHIT 50
COVHIT 46
COVHIT 36
COVHIT 37
COVHIT 44
COVHIT 374
COVHIT 116
COVHIT 375
COVHIT 132
COVHIT 133
COVHIT 125
COVHIT 417
COVHIT 19
COVHIT 33
COVHIT 20
COVHIT 22
COVHIT 21
COVHIT 62
COVHIT 59
COVHIT 69
COVHIT 61
COVHIT 60
COVHIT 64
COVHIT 418
COVHIT 31
COVHIT 419
COVHIT 206
COVHIT 376
COVHIT 273
COVHIT 6
COVHIT 194
------------------------------------------------------------------------------
Executing test testTrainingModeNormalizesAndLabels...
COVHIT 7
COVHIT 8
PASS
COVHIT 2
COVHIT 0
COVHIT 1
COVHIT 4
COVHIT 205
COVHIT 34
COVHIT 52
COVHIT 35
COVHIT 50
COVHIT 46
COVHIT 36
COVHIT 37
COVHIT 44
COVHIT 374
COVHIT 116
COVHIT 375
COVHIT 132
COVHIT 133
COVHIT 125
COVHIT 417
COVHIT 19
COVHIT 33
COVHIT 20
COVHIT 22
COVHIT 21
COVHIT 62
COVHIT 59
COVHIT 69
COVHIT 61
COVHIT 60
COVHIT 64
COVHIT 418
COVHIT 31
COVHIT 419
COVHIT 206
COVHIT 376
COVHIT 273
COVHIT 6
COVHIT 194
------------------------------------------------------------------------------
Executing test testRepTargetCycleAndCrossing...
COVHIT 9
COVHIT 10
PASS
COVHIT 2
COVHIT 0
COVHIT 1
COVHIT 4
COVHIT 205
COVHIT 34
COVHIT 52
COVHIT 35
COVHIT 50
COVHIT 46
COVHIT 36
COVHIT 37
COVHIT 44
COVHIT 374
COVHIT 116
COVHIT 375
COVHIT 132
COVHIT 133
COVHIT 125
COVHIT 417
COVHIT 19
COVHIT 33
COVHIT 20
COVHIT 22
COVHIT 21
COVHIT 62
COVHIT 59
COVHIT 69
COVHIT 61
COVHIT 60
COVHIT 64
COVHIT 418
COVHIT 31
COVHIT 419
COVHIT 206
COVHIT 376
COVHIT 273
COVHIT 6
COVHIT 194
------------------------------------------------------------------------------
Executing test testComboDefaultsToFourFourTwo...
COVHIT 12
COVHIT 18
COVHIT 13
COVHIT 11
PASS
COVHIT 2
COVHIT 0
COVHIT 1
COVHIT 4
COVHIT 205
COVHIT 34
COVHIT 52
COVHIT 35
COVHIT 50
COVHIT 46
COVHIT 36
COVHIT 37
COVHIT 44
COVHIT 374
COVHIT 116
COVHIT 375
COVHIT 132
COVHIT 133
COVHIT 125
COVHIT 417
COVHIT 19
COVHIT 33
COVHIT 20
COVHIT 22
COVHIT 21
COVHIT 62
COVHIT 59
COVHIT 69
COVHIT 61
COVHIT 60
COVHIT 64
COVHIT 418
COVHIT 31
COVHIT 419
COVHIT 206
COVHIT 376
COVHIT 273
COVHIT 6
COVHIT 194
------------------------------------------------------------------------------
Executing test testComboStepFollowsTheBeat...
COVHIT 14
COVHIT 13
PASS
COVHIT 2
COVHIT 0
COVHIT 1
COVHIT 4
COVHIT 205
COVHIT 34
COVHIT 52
COVHIT 35
COVHIT 50
COVHIT 46
COVHIT 36
COVHIT 37
COVHIT 44
COVHIT 374
COVHIT 116
COVHIT 375
COVHIT 132
COVHIT 133
COVHIT 125
COVHIT 417
COVHIT 19
COVHIT 33
COVHIT 20
COVHIT 22
COVHIT 21
COVHIT 62
COVHIT 59
COVHIT 69
COVHIT 61
COVHIT 60
COVHIT 64
COVHIT 418
COVHIT 31
COVHIT 419
COVHIT 206
COVHIT 376
COVHIT 273
COVHIT 6
COVHIT 194
------------------------------------------------------------------------------
Executing test testComboHandsAlternateEveryCycle...
COVHIT 15
COVHIT 13
PASS
COVHIT 2
COVHIT 0
COVHIT 1
COVHIT 4
COVHIT 205
COVHIT 34
COVHIT 52
COVHIT 35
COVHIT 50
COVHIT 46
COVHIT 36
COVHIT 37
COVHIT 44
COVHIT 374
COVHIT 116
COVHIT 375
COVHIT 132
COVHIT 133
COVHIT 125
COVHIT 417
COVHIT 19
COVHIT 33
COVHIT 20
COVHIT 22
COVHIT 21
COVHIT 62
COVHIT 59
COVHIT 69
COVHIT 61
COVHIT 60
COVHIT 64
COVHIT 418
COVHIT 31
COVHIT 419
COVHIT 206
COVHIT 376
COVHIT 273
COVHIT 6
COVHIT 194
------------------------------------------------------------------------------
Executing test testComboStatusLabelsAreGlanceable...
COVHIT 17
COVHIT 15
COVHIT 13
COVHIT 14
COVHIT 16
PASS
COVHIT 2
COVHIT 0
COVHIT 1
COVHIT 4
COVHIT 205
COVHIT 34
COVHIT 52
COVHIT 35
COVHIT 50
COVHIT 46
COVHIT 36
COVHIT 37
COVHIT 44
COVHIT 374
COVHIT 116
COVHIT 375
COVHIT 132
COVHIT 133
COVHIT 125
COVHIT 417
COVHIT 19
COVHIT 33
COVHIT 20
COVHIT 22
COVHIT 21
COVHIT 62
COVHIT 59
COVHIT 69
COVHIT 61
COVHIT 60
COVHIT 64
COVHIT 418
COVHIT 31
COVHIT 419
COVHIT 206
COVHIT 376
COVHIT 273
COVHIT 6
COVHIT 194
------------------------------------------------------------------------------
Executing test testEquipmentLabels...
COVHIT 26
COVHIT 29
COVHIT 24
COVHIT 25
COVHIT 23
PASS
COVHIT 2
COVHIT 0
COVHIT 1
COVHIT 4
COVHIT 205
COVHIT 34
COVHIT 52
COVHIT 35
COVHIT 50
COVHIT 46
COVHIT 36
COVHIT 37
COVHIT 44
COVHIT 374
COVHIT 116
COVHIT 375
COVHIT 132
COVHIT 133
COVHIT 125
COVHIT 417
COVHIT 19
COVHIT 33
COVHIT 20
COVHIT 22
COVHIT 21
COVHIT 62
COVHIT 59
COVHIT 69
COVHIT 61
COVHIT 60
COVHIT 64
COVHIT 418
COVHIT 31
COVHIT 419
COVHIT 206
COVHIT 376
COVHIT 273
COVHIT 6
COVHIT 194
------------------------------------------------------------------------------
Executing test testBulavaIsASingleImplementWithItsOwnWeight...
COVHIT 384
COVHIT 392
PASS
COVHIT 2
COVHIT 0
COVHIT 1
COVHIT 4
COVHIT 205
COVHIT 34
COVHIT 52
COVHIT 35
COVHIT 50
COVHIT 46
COVHIT 36
COVHIT 37
COVHIT 44
COVHIT 374
COVHIT 116
COVHIT 375
COVHIT 132
COVHIT 133
COVHIT 125
COVHIT 417
COVHIT 19
COVHIT 33
COVHIT 20
COVHIT 22
COVHIT 21
COVHIT 62
COVHIT 59
COVHIT 69
COVHIT 61
COVHIT 60
COVHIT 64
COVHIT 418
COVHIT 31
COVHIT 419
COVHIT 206
COVHIT 376
COVHIT 273
COVHIT 6
COVHIT 194
------------------------------------------------------------------------------
Executing test testEquipmentHistoryKeysSeparateProfiles...
PASS
COVHIT 2
COVHIT 0
COVHIT 1
COVHIT 4
COVHIT 205
COVHIT 34
COVHIT 52
COVHIT 35
COVHIT 50
COVHIT 46
COVHIT 36
COVHIT 37
COVHIT 44
COVHIT 374
COVHIT 116
COVHIT 375
COVHIT 132
COVHIT 133
COVHIT 125
COVHIT 417
COVHIT 19
COVHIT 33
COVHIT 20
COVHIT 22
COVHIT 21
COVHIT 62
COVHIT 59
COVHIT 69
COVHIT 61
COVHIT 60
COVHIT 64
COVHIT 418
COVHIT 31
COVHIT 419
COVHIT 206
COVHIT 376
COVHIT 273
COVHIT 6
COVHIT 194
------------------------------------------------------------------------------
Executing test testEquipmentConvenienceWrappersMatchTheirExplicitForms...
COVHIT 30
COVHIT 29
COVHIT 24
COVHIT 26
COVHIT 25
COVHIT 23
COVHIT 32
PASS
COVHIT 2
COVHIT 0
COVHIT 1
COVHIT 4
COVHIT 205
COVHIT 34
COVHIT 52
COVHIT 35
COVHIT 50
COVHIT 46
COVHIT 36
COVHIT 37
COVHIT 44
COVHIT 374
COVHIT 116
COVHIT 375
COVHIT 132
COVHIT 133
COVHIT 125
COVHIT 417
COVHIT 19
COVHIT 33
COVHIT 20
COVHIT 22
COVHIT 21
COVHIT 62
COVHIT 59
COVHIT 69
COVHIT 61
COVHIT 60
COVHIT 64
COVHIT 418
COVHIT 31
COVHIT 419
COVHIT 206
COVHIT 376
COVHIT 273
COVHIT 6
COVHIT 194
------------------------------------------------------------------------------
Executing test testEquipmentWeightConversionUsesCanonicalGrams...
COVHIT 28
COVHIT 27
COVHIT 25
PASS
COVHIT 2
COVHIT 0
COVHIT 1
COVHIT 4
COVHIT 205
COVHIT 34
COVHIT 52
COVHIT 35
COVHIT 50
COVHIT 46
COVHIT 36
COVHIT 37
COVHIT 44
COVHIT 374
COVHIT 116
COVHIT 375
COVHIT 132
COVHIT 133
COVHIT 125
COVHIT 417
COVHIT 19
COVHIT 33
COVHIT 20
COVHIT 22
COVHIT 21
COVHIT 62
COVHIT 59
COVHIT 69
COVHIT 61
COVHIT 60
COVHIT 64
COVHIT 418
COVHIT 31
COVHIT 419
COVHIT 206
COVHIT 376
COVHIT 273
COVHIT 6
COVHIT 194
------------------------------------------------------------------------------
Executing test testDefaultBpmIs50...
COVHIT 51
PASS
COVHIT 2
COVHIT 0
COVHIT 1
COVHIT 4
COVHIT 205
COVHIT 34
COVHIT 52
COVHIT 35
COVHIT 50
COVHIT 46
COVHIT 36
COVHIT 37
COVHIT 44
COVHIT 374
COVHIT 116
COVHIT 375
COVHIT 132
COVHIT 133
COVHIT 125
COVHIT 417
COVHIT 19
COVHIT 33
COVHIT 20
COVHIT 22
COVHIT 21
COVHIT 62
COVHIT 59
COVHIT 69
COVHIT 61
COVHIT 60
COVHIT 64
COVHIT 418
COVHIT 31
COVHIT 419
COVHIT 206
COVHIT 376
COVHIT 273
COVHIT 6
COVHIT 194
------------------------------------------------------------------------------
Executing test testBpmClampsToMinimum...
COVHIT 51
PASS
COVHIT 2
COVHIT 0
COVHIT 1
COVHIT 4
COVHIT 205
COVHIT 34
COVHIT 52
COVHIT 35
COVHIT 50
COVHIT 46
COVHIT 36
COVHIT 37
COVHIT 44
COVHIT 374
COVHIT 116
COVHIT 375
COVHIT 132
COVHIT 133
COVHIT 125
COVHIT 417
COVHIT 19
COVHIT 33
COVHIT 20
COVHIT 22
COVHIT 21
COVHIT 62
COVHIT 59
COVHIT 69
COVHIT 61
COVHIT 60
COVHIT 64
COVHIT 418
COVHIT 31
COVHIT 419
COVHIT 206
COVHIT 376
COVHIT 273
COVHIT 6
COVHIT 194
------------------------------------------------------------------------------
Executing test testBpmClampsToMaximum...
COVHIT 51
PASS
COVHIT 2
COVHIT 0
COVHIT 1
COVHIT 4
COVHIT 205
COVHIT 34
COVHIT 52
COVHIT 35
COVHIT 50
COVHIT 46
COVHIT 36
COVHIT 37
COVHIT 44
COVHIT 374
COVHIT 116
COVHIT 375
COVHIT 132
COVHIT 133
COVHIT 125
COVHIT 417
COVHIT 19
COVHIT 33
COVHIT 20
COVHIT 22
COVHIT 21
COVHIT 62
COVHIT 59
COVHIT 69
COVHIT 61
COVHIT 60
COVHIT 64
COVHIT 418
COVHIT 31
COVHIT 419
COVHIT 206
COVHIT 376
COVHIT 273
COVHIT 6
COVHIT 194
------------------------------------------------------------------------------
Executing test testAdjustBpmMovesInSteps...
COVHIT 53
COVHIT 51
PASS
COVHIT 2
COVHIT 0
COVHIT 1
COVHIT 4
COVHIT 205
COVHIT 34
COVHIT 52
COVHIT 35
COVHIT 50
COVHIT 46
COVHIT 36
COVHIT 37
COVHIT 44
COVHIT 374
COVHIT 116
COVHIT 375
COVHIT 132
COVHIT 133
COVHIT 125
COVHIT 417
COVHIT 19
COVHIT 33
COVHIT 20
COVHIT 22
COVHIT 21
COVHIT 62
COVHIT 59
COVHIT 69
COVHIT 61
COVHIT 60
COVHIT 64
COVHIT 418
COVHIT 31
COVHIT 419
COVHIT 206
COVHIT 376
COVHIT 273
COVHIT 6
COVHIT 194
------------------------------------------------------------------------------
Executing test testAdjustBpmDoesNotCrossLimits...
COVHIT 53
COVHIT 51
PASS
COVHIT 2
COVHIT 0
COVHIT 1
COVHIT 4
COVHIT 205
COVHIT 34
COVHIT 52
COVHIT 35
COVHIT 50
COVHIT 46
COVHIT 36
COVHIT 37
COVHIT 44
COVHIT 374
COVHIT 116
COVHIT 375
COVHIT 132
COVHIT 133
COVHIT 125
COVHIT 417
COVHIT 19
COVHIT 33
COVHIT 20
COVHIT 22
COVHIT 21
COVHIT 62
COVHIT 59
COVHIT 69
COVHIT 61
COVHIT 60
COVHIT 64
COVHIT 418
COVHIT 31
COVHIT 419
COVHIT 206
COVHIT 376
COVHIT 273
COVHIT 6
COVHIT 194
------------------------------------------------------------------------------
Executing test testBeatFeedbackDefaultsToVibrationOnly...
COVHIT 47
COVHIT 48
PASS
COVHIT 2
COVHIT 0
COVHIT 1
COVHIT 4
COVHIT 205
COVHIT 34
COVHIT 52
COVHIT 35
COVHIT 50
COVHIT 46
COVHIT 36
COVHIT 37
COVHIT 44
COVHIT 374
COVHIT 116
COVHIT 375
COVHIT 132
COVHIT 133
COVHIT 125
COVHIT 417
COVHIT 19
COVHIT 33
COVHIT 20
COVHIT 22
COVHIT 21
COVHIT 62
COVHIT 59
COVHIT 69
COVHIT 61
COVHIT 60
COVHIT 64
COVHIT 418
COVHIT 31
COVHIT 419
COVHIT 206
COVHIT 376
COVHIT 273
COVHIT 6
COVHIT 194
------------------------------------------------------------------------------
Executing test testVibeStrengthDefaultsTo50...
COVHIT 49
PASS
COVHIT 2
COVHIT 0
COVHIT 1
COVHIT 4
COVHIT 205
COVHIT 34
COVHIT 52
COVHIT 35
COVHIT 50
COVHIT 46
COVHIT 36
COVHIT 37
COVHIT 44
COVHIT 374
COVHIT 116
COVHIT 375
COVHIT 132
COVHIT 133
COVHIT 125
COVHIT 417
COVHIT 19
COVHIT 33
COVHIT 20
COVHIT 22
COVHIT 21
COVHIT 62
COVHIT 59
COVHIT 69
COVHIT 61
COVHIT 60
COVHIT 64
COVHIT 418
COVHIT 31
COVHIT 419
COVHIT 206
COVHIT 376
COVHIT 273
COVHIT 6
COVHIT 194
------------------------------------------------------------------------------
Executing test testVibeStrengthClampsToPerceptibleFloor...
COVHIT 49
PASS
COVHIT 2
COVHIT 0
COVHIT 1
COVHIT 4
COVHIT 205
COVHIT 34
COVHIT 52
COVHIT 35
COVHIT 50
COVHIT 46
COVHIT 36
COVHIT 37
COVHIT 44
COVHIT 374
COVHIT 116
COVHIT 375
COVHIT 132
COVHIT 133
COVHIT 125
COVHIT 417
COVHIT 19
COVHIT 33
COVHIT 20
COVHIT 22
COVHIT 21
COVHIT 62
COVHIT 59
COVHIT 69
COVHIT 61
COVHIT 60
COVHIT 64
COVHIT 418
COVHIT 31
COVHIT 419
COVHIT 206
COVHIT 376
COVHIT 273
COVHIT 6
COVHIT 194
------------------------------------------------------------------------------
Executing test testRoundsDeriveFromBeats...
COVHIT 38
COVHIT 55
COVHIT 57
COVHIT 45
COVHIT 42
COVHIT 58
COVHIT 56
PASS
COVHIT 2
COVHIT 0
COVHIT 1
COVHIT 4
COVHIT 205
COVHIT 34
COVHIT 52
COVHIT 35
COVHIT 50
COVHIT 46
COVHIT 36
COVHIT 37
COVHIT 44
COVHIT 374
COVHIT 116
COVHIT 375
COVHIT 132
COVHIT 133
COVHIT 125
COVHIT 417
COVHIT 19
COVHIT 33
COVHIT 20
COVHIT 22
COVHIT 21
COVHIT 62
COVHIT 59
COVHIT 69
COVHIT 61
COVHIT 60
COVHIT 64
COVHIT 418
COVHIT 31
COVHIT 419
COVHIT 206
COVHIT 376
COVHIT 273
COVHIT 6
COVHIT 194
------------------------------------------------------------------------------
Executing test testResetBeatCountClearsRounds...
COVHIT 55
COVHIT 57
COVHIT 45
COVHIT 42
COVHIT 58
COVHIT 56
COVHIT 38
COVHIT 39
PASS
COVHIT 2
COVHIT 0
COVHIT 1
COVHIT 4
COVHIT 205
COVHIT 34
COVHIT 52
COVHIT 35
COVHIT 50
COVHIT 46
COVHIT 36
COVHIT 37
COVHIT 44
COVHIT 374
COVHIT 116
COVHIT 375
COVHIT 132
COVHIT 133
COVHIT 125
COVHIT 417
COVHIT 19
COVHIT 33
COVHIT 20
COVHIT 22
COVHIT 21
COVHIT 62
COVHIT 59
COVHIT 69
COVHIT 61
COVHIT 60
COVHIT 64
COVHIT 418
COVHIT 31
COVHIT 419
COVHIT 206
COVHIT 376
COVHIT 273
COVHIT 6
COVHIT 194
------------------------------------------------------------------------------
Executing test testRoundStartMarksDownbeats...
COVHIT 42
PASS
COVHIT 2
COVHIT 0
COVHIT 1
COVHIT 4
COVHIT 205
COVHIT 34
COVHIT 52
COVHIT 35
COVHIT 50
COVHIT 46
COVHIT 36
COVHIT 37
COVHIT 44
COVHIT 374
COVHIT 116
COVHIT 375
COVHIT 132
COVHIT 133
COVHIT 125
COVHIT 417
COVHIT 19
COVHIT 33
COVHIT 20
COVHIT 22
COVHIT 21
COVHIT 62
COVHIT 59
COVHIT 69
COVHIT 61
COVHIT 60
COVHIT 64
COVHIT 418
COVHIT 31
COVHIT 419
COVHIT 206
COVHIT 376
COVHIT 273
COVHIT 6
COVHIT 194
------------------------------------------------------------------------------
Executing test testRoundCueModeIsDefaultAndPulsesOnLoops...
COVHIT 45
COVHIT 42
PASS
COVHIT 2
COVHIT 0
COVHIT 1
COVHIT 4
COVHIT 205
COVHIT 34
COVHIT 52
COVHIT 35
COVHIT 50
COVHIT 46
COVHIT 36
COVHIT 37
COVHIT 44
COVHIT 374
COVHIT 116
COVHIT 375
COVHIT 132
COVHIT 133
COVHIT 125
COVHIT 417
COVHIT 19
COVHIT 33
COVHIT 20
COVHIT 22
COVHIT 21
COVHIT 62
COVHIT 59
COVHIT 69
COVHIT 61
COVHIT 60
COVHIT 64
COVHIT 418
COVHIT 31
COVHIT 419
COVHIT 206
COVHIT 376
COVHIT 273
COVHIT 6
COVHIT 194
------------------------------------------------------------------------------
Executing test testEveryBeatCueModeCuesAll...
COVHIT 45
PASS
COVHIT 2
COVHIT 0
COVHIT 1
COVHIT 4
COVHIT 205
COVHIT 34
COVHIT 52
COVHIT 35
COVHIT 50
COVHIT 46
COVHIT 36
COVHIT 37
COVHIT 44
COVHIT 374
COVHIT 116
COVHIT 375
COVHIT 132
COVHIT 133
COVHIT 125
COVHIT 417
COVHIT 19
COVHIT 33
COVHIT 20
COVHIT 22
COVHIT 21
COVHIT 62
COVHIT 59
COVHIT 69
COVHIT 61
COVHIT 60
COVHIT 64
COVHIT 418
COVHIT 31
COVHIT 419
COVHIT 206
COVHIT 376
COVHIT 273
COVHIT 6
COVHIT 194
------------------------------------------------------------------------------
Executing test testCycleTopCueModeCuesOncePerPattern...
COVHIT 45
COVHIT 43
PASS
COVHIT 2
COVHIT 0
COVHIT 1
COVHIT 4
COVHIT 205
COVHIT 34
COVHIT 52
COVHIT 35
COVHIT 50
COVHIT 46
COVHIT 36
COVHIT 37
COVHIT 44
COVHIT 374
COVHIT 116
COVHIT 375
COVHIT 132
COVHIT 133
COVHIT 125
COVHIT 417
COVHIT 19
COVHIT 33
COVHIT 20
COVHIT 22
COVHIT 21
COVHIT 62
COVHIT 59
COVHIT 69
COVHIT 61
COVHIT 60
COVHIT 64
COVHIT 418
COVHIT 31
COVHIT 419
COVHIT 206
COVHIT 376
COVHIT 273
COVHIT 6
COVHIT 194
------------------------------------------------------------------------------
Executing test testCycleTopMatchesLoopStartsForSingleLoop...
COVHIT 45
COVHIT 43
PASS
COVHIT 2
COVHIT 0
COVHIT 1
COVHIT 4
COVHIT 205
COVHIT 34
COVHIT 52
COVHIT 35
COVHIT 50
COVHIT 46
COVHIT 36
COVHIT 37
COVHIT 44
COVHIT 374
COVHIT 116
COVHIT 375
COVHIT 132
COVHIT 133
COVHIT 125
COVHIT 417
COVHIT 19
COVHIT 33
COVHIT 20
COVHIT 22
COVHIT 21
COVHIT 62
COVHIT 59
COVHIT 69
COVHIT 61
COVHIT 60
COVHIT 64
COVHIT 418
COVHIT 31
COVHIT 419
COVHIT 206
COVHIT 376
COVHIT 273
COVHIT 6
COVHIT 194
------------------------------------------------------------------------------
Executing test testCueModeClampsToKnownRange...
COVHIT 45
COVHIT 43
COVHIT 42
PASS
COVHIT 2
COVHIT 0
COVHIT 1
COVHIT 4
COVHIT 205
COVHIT 34
COVHIT 52
COVHIT 35
COVHIT 50
COVHIT 46
COVHIT 36
COVHIT 37
COVHIT 44
COVHIT 374
COVHIT 116
COVHIT 375
COVHIT 132
COVHIT 133
COVHIT 125
COVHIT 417
COVHIT 19
COVHIT 33
COVHIT 20
COVHIT 22
COVHIT 21
COVHIT 62
COVHIT 59
COVHIT 69
COVHIT 61
COVHIT 60
COVHIT 64
COVHIT 418
COVHIT 31
COVHIT 419
COVHIT 206
COVHIT 376
COVHIT 273
COVHIT 6
COVHIT 194
------------------------------------------------------------------------------
Executing test testMixedPatternCountsRounds...
COVHIT 55
COVHIT 57
COVHIT 45
COVHIT 42
COVHIT 58
COVHIT 38
COVHIT 56
PASS
COVHIT 2
COVHIT 0
COVHIT 1
COVHIT 4
COVHIT 205
COVHIT 34
COVHIT 52
COVHIT 35
COVHIT 50
COVHIT 46
COVHIT 36
COVHIT 37
COVHIT 44
COVHIT 374
COVHIT 116
COVHIT 375
COVHIT 132
COVHIT 133
COVHIT 125
COVHIT 417
COVHIT 19
COVHIT 33
COVHIT 20
COVHIT 22
COVHIT 21
COVHIT 62
COVHIT 59
COVHIT 69
COVHIT 61
COVHIT 60
COVHIT 64
COVHIT 418
COVHIT 31
COVHIT 419
COVHIT 206
COVHIT 376
COVHIT 273
COVHIT 6
COVHIT 194
------------------------------------------------------------------------------
Executing test testMixedPatternRoundStarts...
COVHIT 42
PASS
COVHIT 2
COVHIT 0
COVHIT 1
COVHIT 4
COVHIT 205
COVHIT 34
COVHIT 52
COVHIT 35
COVHIT 50
COVHIT 46
COVHIT 36
COVHIT 37
COVHIT 44
COVHIT 374
COVHIT 116
COVHIT 375
COVHIT 132
COVHIT 133
COVHIT 125
COVHIT 417
COVHIT 19
COVHIT 33
COVHIT 20
COVHIT 22
COVHIT 21
COVHIT 62
COVHIT 59
COVHIT 69
COVHIT 61
COVHIT 60
COVHIT 64
COVHIT 418
COVHIT 31
COVHIT 419
COVHIT 206
COVHIT 376
COVHIT 273
COVHIT 6
COVHIT 194
------------------------------------------------------------------------------
Executing test testMixedPatternRoundCues...
COVHIT 45
COVHIT 42
PASS
COVHIT 2
COVHIT 0
COVHIT 1
COVHIT 4
COVHIT 205
COVHIT 34
COVHIT 52
COVHIT 35
COVHIT 50
COVHIT 46
COVHIT 36
COVHIT 37
COVHIT 44
COVHIT 374
COVHIT 116
COVHIT 375
COVHIT 132
COVHIT 133
COVHIT 125
COVHIT 417
COVHIT 19
COVHIT 33
COVHIT 20
COVHIT 22
COVHIT 21
COVHIT 62
COVHIT 59
COVHIT 69
COVHIT 61
COVHIT 60
COVHIT 64
COVHIT 418
COVHIT 31
COVHIT 419
COVHIT 206
COVHIT 376
COVHIT 273
COVHIT 6
COVHIT 194
------------------------------------------------------------------------------
Executing test testApplyPatternSingleLoopWhenBIsZero...
COVHIT 42
PASS
COVHIT 2
COVHIT 0
COVHIT 1
COVHIT 4
COVHIT 205
COVHIT 34
COVHIT 52
COVHIT 35
COVHIT 50
COVHIT 46
COVHIT 36
COVHIT 37
COVHIT 44
COVHIT 374
COVHIT 116
COVHIT 375
COVHIT 132
COVHIT 133
COVHIT 125
COVHIT 417
COVHIT 19
COVHIT 33
COVHIT 20
COVHIT 22
COVHIT 21
COVHIT 62
COVHIT 59
COVHIT 69
COVHIT 61
COVHIT 60
COVHIT 64
COVHIT 418
COVHIT 31
COVHIT 419
COVHIT 206
COVHIT 376
COVHIT 273
COVHIT 6
COVHIT 194
------------------------------------------------------------------------------
Executing test testApplyPatternVaryingWhenBIsPositive...
COVHIT 42
PASS
COVHIT 2
COVHIT 0
COVHIT 1
COVHIT 4
COVHIT 205
COVHIT 34
COVHIT 52
COVHIT 35
COVHIT 50
COVHIT 46
COVHIT 36
COVHIT 37
COVHIT 44
COVHIT 374
COVHIT 116
COVHIT 375
COVHIT 132
COVHIT 133
COVHIT 125
COVHIT 417
COVHIT 19
COVHIT 33
COVHIT 20
COVHIT 22
COVHIT 21
COVHIT 62
COVHIT 59
COVHIT 69
COVHIT 61
COVHIT 60
COVHIT 64
COVHIT 418
COVHIT 31
COVHIT 419
COVHIT 206
COVHIT 376
COVHIT 273
COVHIT 6
COVHIT 194
------------------------------------------------------------------------------
Executing test testComboSequenceAccentsAndHandSwitch...
COVHIT 42
COVHIT 43
PASS
COVHIT 2
COVHIT 0
COVHIT 1
COVHIT 4
COVHIT 205
COVHIT 34
COVHIT 52
COVHIT 35
COVHIT 50
COVHIT 46
COVHIT 36
COVHIT 37
COVHIT 44
COVHIT 374
COVHIT 116
COVHIT 375
COVHIT 132
COVHIT 133
COVHIT 125
COVHIT 417
COVHIT 19
COVHIT 33
COVHIT 20
COVHIT 22
COVHIT 21
COVHIT 62
COVHIT 59
COVHIT 69
COVHIT 61
COVHIT 60
COVHIT 64
COVHIT 418
COVHIT 31
COVHIT 419
COVHIT 206
COVHIT 376
COVHIT 273
COVHIT 6
COVHIT 194
------------------------------------------------------------------------------
Executing test testCycleTopEmphasisLeavesTheCueScheduleUnchanged...
COVHIT 45
COVHIT 42
COVHIT 41
PASS
COVHIT 2
COVHIT 0
COVHIT 1
COVHIT 4
COVHIT 205
COVHIT 34
COVHIT 52
COVHIT 35
COVHIT 50
COVHIT 46
COVHIT 36
COVHIT 37
COVHIT 44
COVHIT 374
COVHIT 116
COVHIT 375
COVHIT 132
COVHIT 133
COVHIT 125
COVHIT 417
COVHIT 19
COVHIT 33
COVHIT 20
COVHIT 22
COVHIT 21
COVHIT 62
COVHIT 59
COVHIT 69
COVHIT 61
COVHIT 60
COVHIT 64
COVHIT 418
COVHIT 31
COVHIT 419
COVHIT 206
COVHIT 376
COVHIT 273
COVHIT 6
COVHIT 194
------------------------------------------------------------------------------
Executing test testBeatCountIsExposedForComboDisplay...
COVHIT 40
COVHIT 39
PASS
COVHIT 2
COVHIT 0
COVHIT 1
COVHIT 4
COVHIT 205
COVHIT 34
COVHIT 52
COVHIT 35
COVHIT 50
COVHIT 46
COVHIT 36
COVHIT 37
COVHIT 44
COVHIT 374
COVHIT 116
COVHIT 375
COVHIT 132
COVHIT 133
COVHIT 125
COVHIT 417
COVHIT 19
COVHIT 33
COVHIT 20
COVHIT 22
COVHIT 21
COVHIT 62
COVHIT 59
COVHIT 69
COVHIT 61
COVHIT 60
COVHIT 64
COVHIT 418
COVHIT 31
COVHIT 419
COVHIT 206
COVHIT 376
COVHIT 273
COVHIT 6
COVHIT 194
------------------------------------------------------------------------------
Executing test testMetronomeStartsAndStops...
COVHIT 54
COVHIT 55
COVHIT 57
COVHIT 45
COVHIT 42
COVHIT 58
COVHIT 56
PASS
COVHIT 2
COVHIT 0
COVHIT 1
COVHIT 4
COVHIT 205
COVHIT 34
COVHIT 52
COVHIT 35
COVHIT 50
COVHIT 46
COVHIT 36
COVHIT 37
COVHIT 44
COVHIT 374
COVHIT 116
COVHIT 375
COVHIT 132
COVHIT 133
COVHIT 125
COVHIT 417
COVHIT 19
COVHIT 33
COVHIT 20
COVHIT 22
COVHIT 21
COVHIT 62
COVHIT 59
COVHIT 69
COVHIT 61
COVHIT 60
COVHIT 64
COVHIT 418
COVHIT 31
COVHIT 419
COVHIT 206
COVHIT 376
COVHIT 273
COVHIT 6
COVHIT 194
------------------------------------------------------------------------------
Executing test testMovementOptionsPerEquipment...
PASS
COVHIT 2
COVHIT 0
COVHIT 1
COVHIT 4
COVHIT 205
COVHIT 34
COVHIT 52
COVHIT 35
COVHIT 50
COVHIT 46
COVHIT 36
COVHIT 37
COVHIT 44
COVHIT 374
COVHIT 116
COVHIT 375
COVHIT 132
COVHIT 133
COVHIT 125
COVHIT 417
COVHIT 19
COVHIT 33
COVHIT 20
COVHIT 22
COVHIT 21
COVHIT 62
COVHIT 59
COVHIT 69
COVHIT 61
COVHIT 60
COVHIT 64
COVHIT 418
COVHIT 31
COVHIT 419
COVHIT 206
COVHIT 376
COVHIT 273
COVHIT 6
COVHIT 194
------------------------------------------------------------------------------
Executing test testBulavaMovementLabelsAndFallback...
COVHIT 65
PASS
COVHIT 2
COVHIT 0
COVHIT 1
COVHIT 4
COVHIT 205
COVHIT 34
COVHIT 52
COVHIT 35
COVHIT 50
COVHIT 46
COVHIT 36
COVHIT 37
COVHIT 44
COVHIT 374
COVHIT 116
COVHIT 375
COVHIT 132
COVHIT 133
COVHIT 125
COVHIT 417
COVHIT 19
COVHIT 33
COVHIT 20
COVHIT 22
COVHIT 21
COVHIT 62
COVHIT 59
COVHIT 69
COVHIT 61
COVHIT 60
COVHIT 64
COVHIT 418
COVHIT 31
COVHIT 419
COVHIT 206
COVHIT 376
COVHIT 273
COVHIT 6
COVHIT 194
------------------------------------------------------------------------------
Executing test testMovementResolveKeepsValidChoices...
PASS
COVHIT 2
COVHIT 0
COVHIT 1
COVHIT 4
COVHIT 205
COVHIT 34
COVHIT 52
COVHIT 35
COVHIT 50
COVHIT 46
COVHIT 36
COVHIT 37
COVHIT 44
COVHIT 374
COVHIT 116
COVHIT 375
COVHIT 132
COVHIT 133
COVHIT 125
COVHIT 417
COVHIT 19
COVHIT 33
COVHIT 20
COVHIT 22
COVHIT 21
COVHIT 62
COVHIT 59
COVHIT 69
COVHIT 61
COVHIT 60
COVHIT 64
COVHIT 418
COVHIT 31
COVHIT 419
COVHIT 206
COVHIT 376
COVHIT 273
COVHIT 6
COVHIT 194
------------------------------------------------------------------------------
Executing test testMovementResolveFallsBackAcrossEquipment...
PASS
COVHIT 2
COVHIT 0
COVHIT 1
COVHIT 4
COVHIT 205
COVHIT 34
COVHIT 52
COVHIT 35
COVHIT 50
COVHIT 46
COVHIT 36
COVHIT 37
COVHIT 44
COVHIT 374
COVHIT 116
COVHIT 375
COVHIT 132
COVHIT 133
COVHIT 125
COVHIT 417
COVHIT 19
COVHIT 33
COVHIT 20
COVHIT 22
COVHIT 21
COVHIT 62
COVHIT 59
COVHIT 69
COVHIT 61
COVHIT 60
COVHIT 64
COVHIT 418
COVHIT 31
COVHIT 419
COVHIT 206
COVHIT 376
COVHIT 273
COVHIT 6
COVHIT 194
------------------------------------------------------------------------------
Executing test testSideShortLabelsAreCompact...
COVHIT 66
PASS
COVHIT 2
COVHIT 0
COVHIT 1
COVHIT 4
COVHIT 205
COVHIT 34
COVHIT 52
COVHIT 35
COVHIT 50
COVHIT 46
COVHIT 36
COVHIT 37
COVHIT 44
COVHIT 374
COVHIT 116
COVHIT 375
COVHIT 132
COVHIT 133
COVHIT 125
COVHIT 417
COVHIT 19
COVHIT 33
COVHIT 20
COVHIT 22
COVHIT 21
COVHIT 62
COVHIT 59
COVHIT 69
COVHIT 61
COVHIT 60
COVHIT 64
COVHIT 418
COVHIT 31
COVHIT 419
COVHIT 206
COVHIT 376
COVHIT 273
COVHIT 6
COVHIT 194
------------------------------------------------------------------------------
Executing test testBalanceLabelShowsOnlyForSingleSideSets...
COVHIT 67
PASS
COVHIT 2
COVHIT 0
COVHIT 1
COVHIT 4
COVHIT 205
COVHIT 34
COVHIT 52
COVHIT 35
COVHIT 50
COVHIT 46
COVHIT 36
COVHIT 37
COVHIT 44
COVHIT 374
COVHIT 116
COVHIT 375
COVHIT 132
COVHIT 133
COVHIT 125
COVHIT 417
COVHIT 19
COVHIT 33
COVHIT 20
COVHIT 22
COVHIT 21
COVHIT 62
COVHIT 59
COVHIT 69
COVHIT 61
COVHIT 60
COVHIT 64
COVHIT 418
COVHIT 31
COVHIT 419
COVHIT 206
COVHIT 376
COVHIT 273
COVHIT 6
COVHIT 194
------------------------------------------------------------------------------
Executing test testMovementNextCyclesWithinEquipment...
COVHIT 63
PASS
COVHIT 2
COVHIT 0
COVHIT 1
COVHIT 4
COVHIT 205
COVHIT 34
COVHIT 52
COVHIT 35
COVHIT 50
COVHIT 46
COVHIT 36
COVHIT 37
COVHIT 44
COVHIT 374
COVHIT 116
COVHIT 375
COVHIT 132
COVHIT 133
COVHIT 125
COVHIT 417
COVHIT 19
COVHIT 33
COVHIT 20
COVHIT 22
COVHIT 21
COVHIT 62
COVHIT 59
COVHIT 69
COVHIT 61
COVHIT 60
COVHIT 64
COVHIT 418
COVHIT 31
COVHIT 419
COVHIT 206
COVHIT 376
COVHIT 273
COVHIT 6
COVHIT 194
------------------------------------------------------------------------------
Executing test testLoadExposureAccumulatesOnlyActiveWindows...
COVHIT 70
COVHIT 71
COVHIT 72
COVHIT 73
COVHIT 74
PASS
COVHIT 2
COVHIT 0
COVHIT 1
COVHIT 4
COVHIT 205
COVHIT 34
COVHIT 52
COVHIT 35
COVHIT 50
COVHIT 46
COVHIT 36
COVHIT 37
COVHIT 44
COVHIT 374
COVHIT 116
COVHIT 375
COVHIT 132
COVHIT 133
COVHIT 125
COVHIT 417
COVHIT 19
COVHIT 33
COVHIT 20
COVHIT 22
COVHIT 21
COVHIT 62
COVHIT 59
COVHIT 69
COVHIT 61
COVHIT 60
COVHIT 64
COVHIT 418
COVHIT 31
COVHIT 419
COVHIT 206
COVHIT 376
COVHIT 273
COVHIT 6
COVHIT 194
------------------------------------------------------------------------------
Executing test testLoadExposureIncludesThresholdAndCanRaisePeak...
COVHIT 70
COVHIT 71
COVHIT 72
COVHIT 73
PASS
COVHIT 2
COVHIT 0
COVHIT 1
COVHIT 4
COVHIT 205
COVHIT 34
COVHIT 52
COVHIT 35
COVHIT 50
COVHIT 46
COVHIT 36
COVHIT 37
COVHIT 44
COVHIT 374
COVHIT 116
COVHIT 375
COVHIT 132
COVHIT 133
COVHIT 125
COVHIT 417
COVHIT 19
COVHIT 33
COVHIT 20
COVHIT 22
COVHIT 21
COVHIT 62
COVHIT 59
COVHIT 69
COVHIT 61
COVHIT 60
COVHIT 64
COVHIT 418
COVHIT 31
COVHIT 419
COVHIT 206
COVHIT 376
COVHIT 273
COVHIT 6
COVHIT 194
------------------------------------------------------------------------------
Executing test testWeightVolumeAccountsForImplementQuantity...
COVHIT 75
PASS
COVHIT 2
COVHIT 0
COVHIT 1
COVHIT 4
COVHIT 205
COVHIT 34
COVHIT 52
COVHIT 35
COVHIT 50
COVHIT 46
COVHIT 36
COVHIT 37
COVHIT 44
COVHIT 374
COVHIT 116
COVHIT 375
COVHIT 132
COVHIT 133
COVHIT 125
COVHIT 417
COVHIT 19
COVHIT 33
COVHIT 20
COVHIT 22
COVHIT 21
COVHIT 62
COVHIT 59
COVHIT 69
COVHIT 61
COVHIT 60
COVHIT 64
COVHIT 418
COVHIT 31
COVHIT 419
COVHIT 206
COVHIT 376
COVHIT 273
COVHIT 6
COVHIT 194
------------------------------------------------------------------------------
Executing test testLoadExposureCompactLabels...
COVHIT 76
PASS
COVHIT 2
COVHIT 0
COVHIT 1
COVHIT 4
COVHIT 205
COVHIT 34
COVHIT 52
COVHIT 35
COVHIT 50
COVHIT 46
COVHIT 36
COVHIT 37
COVHIT 44
COVHIT 374
COVHIT 116
COVHIT 375
COVHIT 132
COVHIT 133
COVHIT 125
COVHIT 417
COVHIT 19
COVHIT 33
COVHIT 20
COVHIT 22
COVHIT 21
COVHIT 62
COVHIT 59
COVHIT 69
COVHIT 61
COVHIT 60
COVHIT 64
COVHIT 418
COVHIT 31
COVHIT 419
COVHIT 206
COVHIT 376
COVHIT 273
COVHIT 6
COVHIT 194
------------------------------------------------------------------------------
Executing test testMotionFeaturesOfStillWrist...
COVHIT 77
PASS
COVHIT 2
COVHIT 0
COVHIT 1
COVHIT 4
COVHIT 205
COVHIT 34
COVHIT 52
COVHIT 35
COVHIT 50
COVHIT 46
COVHIT 36
COVHIT 37
COVHIT 44
COVHIT 374
COVHIT 116
COVHIT 375
COVHIT 132
COVHIT 133
COVHIT 125
COVHIT 417
COVHIT 19
COVHIT 33
COVHIT 20
COVHIT 22
COVHIT 21
COVHIT 62
COVHIT 59
COVHIT 69
COVHIT 61
COVHIT 60
COVHIT 64
COVHIT 418
COVHIT 31
COVHIT 419
COVHIT 206
COVHIT 376
COVHIT 273
COVHIT 6
COVHIT 194
------------------------------------------------------------------------------
Executing test testMotionFeaturesOfSwing...
COVHIT 77
PASS
COVHIT 2
COVHIT 0
COVHIT 1
COVHIT 4
COVHIT 205
COVHIT 34
COVHIT 52
COVHIT 35
COVHIT 50
COVHIT 46
COVHIT 36
COVHIT 37
COVHIT 44
COVHIT 374
COVHIT 116
COVHIT 375
COVHIT 132
COVHIT 133
COVHIT 125
COVHIT 417
COVHIT 19
COVHIT 33
COVHIT 20
COVHIT 22
COVHIT 21
COVHIT 62
COVHIT 59
COVHIT 69
COVHIT 61
COVHIT 60
COVHIT 64
COVHIT 418
COVHIT 31
COVHIT 419
COVHIT 206
COVHIT 376
COVHIT 273
COVHIT 6
COVHIT 194
------------------------------------------------------------------------------
Executing test testMotionFeaturesRejectBadBuffers...
COVHIT 77
PASS
COVHIT 2
COVHIT 0
COVHIT 1
COVHIT 4
COVHIT 205
COVHIT 34
COVHIT 52
COVHIT 35
COVHIT 50
COVHIT 46
COVHIT 36
COVHIT 37
COVHIT 44
COVHIT 374
COVHIT 116
COVHIT 375
COVHIT 132
COVHIT 133
COVHIT 125
COVHIT 417
COVHIT 19
COVHIT 33
COVHIT 20
COVHIT 22
COVHIT 21
COVHIT 62
COVHIT 59
COVHIT 69
COVHIT 61
COVHIT 60
COVHIT 64
COVHIT 418
COVHIT 31
COVHIT 419
COVHIT 206
COVHIT 376
COVHIT 273
COVHIT 6
COVHIT 194
------------------------------------------------------------------------------
Executing test testGyroFeaturesOfAHold...
COVHIT 78
PASS
COVHIT 2
COVHIT 0
COVHIT 1
COVHIT 4
COVHIT 205
COVHIT 34
COVHIT 52
COVHIT 35
COVHIT 50
COVHIT 46
COVHIT 36
COVHIT 37
COVHIT 44
COVHIT 374
COVHIT 116
COVHIT 375
COVHIT 132
COVHIT 133
COVHIT 125
COVHIT 417
COVHIT 19
COVHIT 33
COVHIT 20
COVHIT 22
COVHIT 21
COVHIT 62
COVHIT 59
COVHIT 69
COVHIT 61
COVHIT 60
COVHIT 64
COVHIT 418
COVHIT 31
COVHIT 419
COVHIT 206
COVHIT 376
COVHIT 273
COVHIT 6
COVHIT 194
------------------------------------------------------------------------------
Executing test testGyroFeaturesOfASwing...
COVHIT 78
PASS
COVHIT 2
COVHIT 0
COVHIT 1
COVHIT 4
COVHIT 205
COVHIT 34
COVHIT 52
COVHIT 35
COVHIT 50
COVHIT 46
COVHIT 36
COVHIT 37
COVHIT 44
COVHIT 374
COVHIT 116
COVHIT 375
COVHIT 132
COVHIT 133
COVHIT 125
COVHIT 417
COVHIT 19
COVHIT 33
COVHIT 20
COVHIT 22
COVHIT 21
COVHIT 62
COVHIT 59
COVHIT 69
COVHIT 61
COVHIT 60
COVHIT 64
COVHIT 418
COVHIT 31
COVHIT 419
COVHIT 206
COVHIT 376
COVHIT 273
COVHIT 6
COVHIT 194
------------------------------------------------------------------------------
Executing test testGyroFeaturesRejectBadBuffers...
COVHIT 78
PASS
COVHIT 2
COVHIT 0
COVHIT 1
COVHIT 4
COVHIT 205
COVHIT 34
COVHIT 52
COVHIT 35
COVHIT 50
COVHIT 46
COVHIT 36
COVHIT 37
COVHIT 44
COVHIT 374
COVHIT 116
COVHIT 375
COVHIT 132
COVHIT 133
COVHIT 125
COVHIT 417
COVHIT 19
COVHIT 33
COVHIT 20
COVHIT 22
COVHIT 21
COVHIT 62
COVHIT 59
COVHIT 69
COVHIT 61
COVHIT 60
COVHIT 64
COVHIT 418
COVHIT 31
COVHIT 419
COVHIT 206
COVHIT 376
COVHIT 273
COVHIT 6
COVHIT 194
------------------------------------------------------------------------------
Executing test testRawMagnitudesPreservesEverySample...
COVHIT 79
PASS
COVHIT 2
COVHIT 0
COVHIT 1
COVHIT 4
COVHIT 205
COVHIT 34
COVHIT 52
COVHIT 35
COVHIT 50
COVHIT 46
COVHIT 36
COVHIT 37
COVHIT 44
COVHIT 374
COVHIT 116
COVHIT 375
COVHIT 132
COVHIT 133
COVHIT 125
COVHIT 417
COVHIT 19
COVHIT 33
COVHIT 20
COVHIT 22
COVHIT 21
COVHIT 62
COVHIT 59
COVHIT 69
COVHIT 61
COVHIT 60
COVHIT 64
COVHIT 418
COVHIT 31
COVHIT 419
COVHIT 206
COVHIT 376
COVHIT 273
COVHIT 6
COVHIT 194
------------------------------------------------------------------------------
Executing test testRawMagnitudesRejectBadBuffers...
COVHIT 79
PASS
COVHIT 2
COVHIT 0
COVHIT 1
COVHIT 4
COVHIT 205
COVHIT 34
COVHIT 52
COVHIT 35
COVHIT 50
COVHIT 46
COVHIT 36
COVHIT 37
COVHIT 44
COVHIT 374
COVHIT 116
COVHIT 375
COVHIT 132
COVHIT 133
COVHIT 125
COVHIT 417
COVHIT 19
COVHIT 33
COVHIT 20
COVHIT 22
COVHIT 21
COVHIT 62
COVHIT 59
COVHIT 69
COVHIT 61
COVHIT 60
COVHIT 64
COVHIT 418
COVHIT 31
COVHIT 419
COVHIT 206
COVHIT 376
COVHIT 273
COVHIT 6
COVHIT 194
------------------------------------------------------------------------------
Executing test testDecimatedAxisValuesKeepsEveryStrideSample...
COVHIT 80
PASS
COVHIT 2
COVHIT 0
COVHIT 1
COVHIT 4
COVHIT 205
COVHIT 34
COVHIT 52
COVHIT 35
COVHIT 50
COVHIT 46
COVHIT 36
COVHIT 37
COVHIT 44
COVHIT 374
COVHIT 116
COVHIT 375
COVHIT 132
COVHIT 133
COVHIT 125
COVHIT 417
COVHIT 19
COVHIT 33
COVHIT 20
COVHIT 22
COVHIT 21
COVHIT 62
COVHIT 59
COVHIT 69
COVHIT 61
COVHIT 60
COVHIT 64
COVHIT 418
COVHIT 31
COVHIT 419
COVHIT 206
COVHIT 376
COVHIT 273
COVHIT 6
COVHIT 194
------------------------------------------------------------------------------
Executing test testDecimatedAxisValuesRejectsEmptyOrBadStride...
COVHIT 80
PASS
COVHIT 2
COVHIT 0
COVHIT 1
COVHIT 4
COVHIT 205
COVHIT 34
COVHIT 52
COVHIT 35
COVHIT 50
COVHIT 46
COVHIT 36
COVHIT 37
COVHIT 44
COVHIT 374
COVHIT 116
COVHIT 375
COVHIT 132
COVHIT 133
COVHIT 125
COVHIT 417
COVHIT 19
COVHIT 33
COVHIT 20
COVHIT 22
COVHIT 21
COVHIT 62
COVHIT 59
COVHIT 69
COVHIT 61
COVHIT 60
COVHIT 64
COVHIT 418
COVHIT 31
COVHIT 419
COVHIT 206
COVHIT 376
COVHIT 273
COVHIT 6
COVHIT 194
------------------------------------------------------------------------------
Executing test testRecordedFixtureRecBMaceReplay...
COVHIT 128
COVHIT 127
PASS
COVHIT 2
COVHIT 0
COVHIT 1
COVHIT 4
COVHIT 205
COVHIT 34
COVHIT 52
COVHIT 35
COVHIT 50
COVHIT 46
COVHIT 36
COVHIT 37
COVHIT 44
COVHIT 374
COVHIT 116
COVHIT 375
COVHIT 132
COVHIT 133
COVHIT 125
COVHIT 417
COVHIT 19
COVHIT 33
COVHIT 20
COVHIT 22
COVHIT 21
COVHIT 62
COVHIT 59
COVHIT 69
COVHIT 61
COVHIT 60
COVHIT 64
COVHIT 418
COVHIT 31
COVHIT 419
COVHIT 206
COVHIT 376
COVHIT 273
COVHIT 6
COVHIT 194
------------------------------------------------------------------------------
Executing test testRecordedFixtureRecCMaceReplay...
COVHIT 128
COVHIT 127
PASS
COVHIT 2
COVHIT 0
COVHIT 1
COVHIT 4
COVHIT 205
COVHIT 34
COVHIT 52
COVHIT 35
COVHIT 50
COVHIT 46
COVHIT 36
COVHIT 37
COVHIT 44
COVHIT 374
COVHIT 116
COVHIT 375
COVHIT 132
COVHIT 133
COVHIT 125
COVHIT 417
COVHIT 19
COVHIT 33
COVHIT 20
COVHIT 22
COVHIT 21
COVHIT 62
COVHIT 59
COVHIT 69
COVHIT 61
COVHIT 60
COVHIT 64
COVHIT 418
COVHIT 31
COVHIT 419
COVHIT 206
COVHIT 376
COVHIT 273
COVHIT 6
COVHIT 194
------------------------------------------------------------------------------
Executing test testSmoothnessLogRecordRoundTrips...
COVHIT 89
COVHIT 92
COVHIT 115
COVHIT 93
COVHIT 94
COVHIT 95
COVHIT 96
COVHIT 97
COVHIT 98
COVHIT 99
COVHIT 100
PASS
COVHIT 2
COVHIT 0
COVHIT 1
COVHIT 4
COVHIT 205
COVHIT 34
COVHIT 52
COVHIT 35
COVHIT 50
COVHIT 46
COVHIT 36
COVHIT 37
COVHIT 44
COVHIT 374
COVHIT 116
COVHIT 375
COVHIT 132
COVHIT 133
COVHIT 125
COVHIT 417
COVHIT 19
COVHIT 33
COVHIT 20
COVHIT 22
COVHIT 21
COVHIT 62
COVHIT 59
COVHIT 69
COVHIT 61
COVHIT 60
COVHIT 64
COVHIT 418
COVHIT 31
COVHIT 419
COVHIT 206
COVHIT 376
COVHIT 273
COVHIT 6
COVHIT 194
------------------------------------------------------------------------------
Executing test testSmoothnessLogAppendIsBounded...
COVHIT 89
COVHIT 91
COVHIT 98
COVHIT 115
PASS
COVHIT 2
COVHIT 0
COVHIT 1
COVHIT 4
COVHIT 205
COVHIT 34
COVHIT 52
COVHIT 35
COVHIT 50
COVHIT 46
COVHIT 36
COVHIT 37
COVHIT 44
COVHIT 374
COVHIT 116
COVHIT 375
COVHIT 132
COVHIT 133
COVHIT 125
COVHIT 417
COVHIT 19
COVHIT 33
COVHIT 20
COVHIT 22
COVHIT 21
COVHIT 62
COVHIT 59
COVHIT 69
COVHIT 61
COVHIT 60
COVHIT 64
COVHIT 418
COVHIT 31
COVHIT 419
COVHIT 206
COVHIT 376
COVHIT 273
COVHIT 6
COVHIT 194
------------------------------------------------------------------------------
Executing test testSmoothnessLogTruncatesSets...
COVHIT 89
COVHIT 99
COVHIT 115
COVHIT 100
PASS
COVHIT 2
COVHIT 0
COVHIT 1
COVHIT 4
COVHIT 205
COVHIT 34
COVHIT 52
COVHIT 35
COVHIT 50
COVHIT 46
COVHIT 36
COVHIT 37
COVHIT 44
COVHIT 374
COVHIT 116
COVHIT 375
COVHIT 132
COVHIT 133
COVHIT 125
COVHIT 417
COVHIT 19
COVHIT 33
COVHIT 20
COVHIT 22
COVHIT 21
COVHIT 62
COVHIT 59
COVHIT 69
COVHIT 61
COVHIT 60
COVHIT 64
COVHIT 418
COVHIT 31
COVHIT 419
COVHIT 206
COVHIT 376
COVHIT 273
COVHIT 6
COVHIT 194
------------------------------------------------------------------------------
Executing test testDetailedHistoryKeepsWorkoutAndBlockMetrics...
COVHIT 355
COVHIT 359
COVHIT 368
COVHIT 369
COVHIT 89
COVHIT 90
COVHIT 357
COVHIT 358
COVHIT 360
COVHIT 361
COVHIT 367
COVHIT 370
COVHIT 371
COVHIT 372
COVHIT 101
COVHIT 113
COVHIT 99
COVHIT 115
COVHIT 102
COVHIT 103
COVHIT 104
COVHIT 105
COVHIT 114
COVHIT 106
COVHIT 107
COVHIT 96
COVHIT 108
COVHIT 97
COVHIT 109
COVHIT 110
COVHIT 111
COVHIT 112
PASS
COVHIT 2
COVHIT 0
COVHIT 1
COVHIT 4
COVHIT 205
COVHIT 34
COVHIT 52
COVHIT 35
COVHIT 50
COVHIT 46
COVHIT 36
COVHIT 37
COVHIT 44
COVHIT 374
COVHIT 116
COVHIT 375
COVHIT 132
COVHIT 133
COVHIT 125
COVHIT 417
COVHIT 19
COVHIT 33
COVHIT 20
COVHIT 22
COVHIT 21
COVHIT 62
COVHIT 59
COVHIT 69
COVHIT 61
COVHIT 60
COVHIT 64
COVHIT 418
COVHIT 31
COVHIT 419
COVHIT 206
COVHIT 376
COVHIT 273
COVHIT 6
COVHIT 194
------------------------------------------------------------------------------
Executing test testLegacyHistoryHasSafeDetailFallbacks...
COVHIT 89
COVHIT 101
COVHIT 113
COVHIT 99
COVHIT 115
COVHIT 102
COVHIT 104
COVHIT 107
COVHIT 96
COVHIT 114
COVHIT 108
COVHIT 97
COVHIT 109
PASS
COVHIT 2
COVHIT 0
COVHIT 1
COVHIT 4
COVHIT 205
COVHIT 34
COVHIT 52
COVHIT 35
COVHIT 50
COVHIT 46
COVHIT 36
COVHIT 37
COVHIT 44
COVHIT 374
COVHIT 116
COVHIT 375
COVHIT 132
COVHIT 133
COVHIT 125
COVHIT 417
COVHIT 19
COVHIT 33
COVHIT 20
COVHIT 22
COVHIT 21
COVHIT 62
COVHIT 59
COVHIT 69
COVHIT 61
COVHIT 60
COVHIT 64
COVHIT 418
COVHIT 31
COVHIT 419
COVHIT 206
COVHIT 376
COVHIT 273
COVHIT 6
COVHIT 194
------------------------------------------------------------------------------
Executing test testSmoothnessStableWindowsScoreOneHundred...
COVHIT 124
COVHIT 85
COVHIT 83
COVHIT 82
COVHIT 87
COVHIT 86
PASS
COVHIT 2
COVHIT 0
COVHIT 1
COVHIT 4
COVHIT 205
COVHIT 34
COVHIT 52
COVHIT 35
COVHIT 50
COVHIT 46
COVHIT 36
COVHIT 37
COVHIT 44
COVHIT 374
COVHIT 116
COVHIT 375
COVHIT 132
COVHIT 133
COVHIT 125
COVHIT 417
COVHIT 19
COVHIT 33
COVHIT 20
COVHIT 22
COVHIT 21
COVHIT 62
COVHIT 59
COVHIT 69
COVHIT 61
COVHIT 60
COVHIT 64
COVHIT 418
COVHIT 31
COVHIT 419
COVHIT 206
COVHIT 376
COVHIT 273
COVHIT 6
COVHIT 194
------------------------------------------------------------------------------
Executing test testSmoothnessRejectsStillWindows...
COVHIT 124
COVHIT 85
COVHIT 87
COVHIT 86
PASS
COVHIT 2
COVHIT 0
COVHIT 1
COVHIT 4
COVHIT 205
COVHIT 34
COVHIT 52
COVHIT 35
COVHIT 50
COVHIT 46
COVHIT 36
COVHIT 37
COVHIT 44
COVHIT 374
COVHIT 116
COVHIT 375
COVHIT 132
COVHIT 133
COVHIT 125
COVHIT 417
COVHIT 19
COVHIT 33
COVHIT 20
COVHIT 22
COVHIT 21
COVHIT 62
COVHIT 59
COVHIT 69
COVHIT 61
COVHIT 60
COVHIT 64
COVHIT 418
COVHIT 31
COVHIT 419
COVHIT 206
COVHIT 376
COVHIT 273
COVHIT 6
COVHIT 194
------------------------------------------------------------------------------
Executing test testSmoothnessPenalizesDifferentEffortAndTiming...
COVHIT 124
COVHIT 85
COVHIT 83
COVHIT 82
COVHIT 86
PASS
COVHIT 2
COVHIT 0
COVHIT 1
COVHIT 4
COVHIT 205
COVHIT 34
COVHIT 52
COVHIT 35
COVHIT 50
COVHIT 46
COVHIT 36
COVHIT 37
COVHIT 44
COVHIT 374
COVHIT 116
COVHIT 375
COVHIT 132
COVHIT 133
COVHIT 125
COVHIT 417
COVHIT 19
COVHIT 33
COVHIT 20
COVHIT 22
COVHIT 21
COVHIT 62
COVHIT 59
COVHIT 69
COVHIT 61
COVHIT 60
COVHIT 64
COVHIT 418
COVHIT 31
COVHIT 419
COVHIT 206
COVHIT 376
COVHIT 273
COVHIT 6
COVHIT 194
------------------------------------------------------------------------------
Executing test testTrackerScoreTotalAccumulatesScoredWindows...
COVHIT 88
COVHIT 124
COVHIT 85
COVHIT 83
COVHIT 82
PASS
COVHIT 2
COVHIT 0
COVHIT 1
COVHIT 4
COVHIT 205
COVHIT 34
COVHIT 52
COVHIT 35
COVHIT 50
COVHIT 46
COVHIT 36
COVHIT 37
COVHIT 44
COVHIT 374
COVHIT 116
COVHIT 375
COVHIT 132
COVHIT 133
COVHIT 125
COVHIT 417
COVHIT 19
COVHIT 33
COVHIT 20
COVHIT 22
COVHIT 21
COVHIT 62
COVHIT 59
COVHIT 69
COVHIT 61
COVHIT 60
COVHIT 64
COVHIT 418
COVHIT 31
COVHIT 419
COVHIT 206
COVHIT 376
COVHIT 273
COVHIT 6
COVHIT 194
------------------------------------------------------------------------------
Executing test testSetSummaryTracksOpenState...
COVHIT 120
COVHIT 117
COVHIT 118
PASS
COVHIT 2
COVHIT 0
COVHIT 1
COVHIT 4
COVHIT 205
COVHIT 34
COVHIT 52
COVHIT 35
COVHIT 50
COVHIT 46
COVHIT 36
COVHIT 37
COVHIT 44
COVHIT 374
COVHIT 116
COVHIT 375
COVHIT 132
COVHIT 133
COVHIT 125
COVHIT 417
COVHIT 19
COVHIT 33
COVHIT 20
COVHIT 22
COVHIT 21
COVHIT 62
COVHIT 59
COVHIT 69
COVHIT 61
COVHIT 60
COVHIT 64
COVHIT 418
COVHIT 31
COVHIT 419
COVHIT 206
COVHIT 376
COVHIT 273
COVHIT 6
COVHIT 194
------------------------------------------------------------------------------
Executing test testSmoothnessHistoryKeepsLatestTwelveSessions...
COVHIT 84
PASS
COVHIT 2
COVHIT 0
COVHIT 1
COVHIT 4
COVHIT 205
COVHIT 34
COVHIT 52
COVHIT 35
COVHIT 50
COVHIT 46
COVHIT 36
COVHIT 37
COVHIT 44
COVHIT 374
COVHIT 116
COVHIT 375
COVHIT 132
COVHIT 133
COVHIT 125
COVHIT 417
COVHIT 19
COVHIT 33
COVHIT 20
COVHIT 22
COVHIT 21
COVHIT 62
COVHIT 59
COVHIT 69
COVHIT 61
COVHIT 60
COVHIT 64
COVHIT 418
COVHIT 31
COVHIT 419
COVHIT 206
COVHIT 376
COVHIT 273
COVHIT 6
COVHIT 194
------------------------------------------------------------------------------
Executing test testSetSummaryUsesCumulativeSnapshotDifference...
COVHIT 117
COVHIT 118
COVHIT 121
COVHIT 122
COVHIT 123
PASS
COVHIT 2
COVHIT 0
COVHIT 1
COVHIT 4
COVHIT 205
COVHIT 34
COVHIT 52
COVHIT 35
COVHIT 50
COVHIT 46
COVHIT 36
COVHIT 37
COVHIT 44
COVHIT 374
COVHIT 116
COVHIT 375
COVHIT 132
COVHIT 133
COVHIT 125
COVHIT 417
COVHIT 19
COVHIT 33
COVHIT 20
COVHIT 22
COVHIT 21
COVHIT 62
COVHIT 59
COVHIT 69
COVHIT 61
COVHIT 60
COVHIT 64
COVHIT 418
COVHIT 31
COVHIT 419
COVHIT 206
COVHIT 376
COVHIT 273
COVHIT 6
COVHIT 194
------------------------------------------------------------------------------
Executing test testSetSummaryRejectsShortSet...
COVHIT 117
COVHIT 118
COVHIT 121
COVHIT 122
COVHIT 123
PASS
COVHIT 2
COVHIT 0
COVHIT 1
COVHIT 4
COVHIT 205
COVHIT 34
COVHIT 52
COVHIT 35
COVHIT 50
COVHIT 46
COVHIT 36
COVHIT 37
COVHIT 44
COVHIT 374
COVHIT 116
COVHIT 375
COVHIT 132
COVHIT 133
COVHIT 125
COVHIT 417
COVHIT 19
COVHIT 33
COVHIT 20
COVHIT 22
COVHIT 21
COVHIT 62
COVHIT 59
COVHIT 69
COVHIT 61
COVHIT 60
COVHIT 64
COVHIT 418
COVHIT 31
COVHIT 419
COVHIT 206
COVHIT 376
COVHIT 273
COVHIT 6
COVHIT 194
------------------------------------------------------------------------------
Executing test testSetSummaryExcludesClosedRestWindow...
COVHIT 117
COVHIT 118
COVHIT 122
COVHIT 121
COVHIT 123
PASS
COVHIT 2
COVHIT 0
COVHIT 1
COVHIT 4
COVHIT 205
COVHIT 34
COVHIT 52
COVHIT 35
COVHIT 50
COVHIT 46
COVHIT 36
COVHIT 37
COVHIT 44
COVHIT 374
COVHIT 116
COVHIT 375
COVHIT 132
COVHIT 133
COVHIT 125
COVHIT 417
COVHIT 19
COVHIT 33
COVHIT 20
COVHIT 22
COVHIT 21
COVHIT 62
COVHIT 59
COVHIT 69
COVHIT 61
COVHIT 60
COVHIT 64
COVHIT 418
COVHIT 31
COVHIT 419
COVHIT 206
COVHIT 376
COVHIT 273
COVHIT 6
COVHIT 194
------------------------------------------------------------------------------
Executing test testSetSummaryCompletesBoundaryOnce...
COVHIT 117
COVHIT 118
COVHIT 121
PASS
COVHIT 2
COVHIT 0
COVHIT 1
COVHIT 4
COVHIT 205
COVHIT 34
COVHIT 52
COVHIT 35
COVHIT 50
COVHIT 46
COVHIT 36
COVHIT 37
COVHIT 44
COVHIT 374
COVHIT 116
COVHIT 375
COVHIT 132
COVHIT 133
COVHIT 125
COVHIT 417
COVHIT 19
COVHIT 33
COVHIT 20
COVHIT 22
COVHIT 21
COVHIT 62
COVHIT 59
COVHIT 69
COVHIT 61
COVHIT 60
COVHIT 64
COVHIT 418
COVHIT 31
COVHIT 419
COVHIT 206
COVHIT 376
COVHIT 273
COVHIT 6
COVHIT 194
------------------------------------------------------------------------------
Executing test testSetSummaryPreservesMissingBoundary...
COVHIT 117
COVHIT 118
COVHIT 119
COVHIT 121
COVHIT 122
COVHIT 123
PASS
COVHIT 2
COVHIT 0
COVHIT 1
COVHIT 4
COVHIT 205
COVHIT 34
COVHIT 52
COVHIT 35
COVHIT 50
COVHIT 46
COVHIT 36
COVHIT 37
COVHIT 44
COVHIT 374
COVHIT 116
COVHIT 375
COVHIT 132
COVHIT 133
COVHIT 125
COVHIT 417
COVHIT 19
COVHIT 33
COVHIT 20
COVHIT 22
COVHIT 21
COVHIT 62
COVHIT 59
COVHIT 69
COVHIT 61
COVHIT 60
COVHIT 64
COVHIT 418
COVHIT 31
COVHIT 419
COVHIT 206
COVHIT 376
COVHIT 273
COVHIT 6
COVHIT 194
------------------------------------------------------------------------------
Executing test testSwingCounterCountsSpacedPeaks...
COVHIT 131
COVHIT 134
COVHIT 135
COVHIT 126
COVHIT 128
PASS
COVHIT 2
COVHIT 0
COVHIT 1
COVHIT 4
COVHIT 205
COVHIT 34
COVHIT 52
COVHIT 35
COVHIT 50
COVHIT 46
COVHIT 36
COVHIT 37
COVHIT 44
COVHIT 374
COVHIT 116
COVHIT 375
COVHIT 132
COVHIT 133
COVHIT 125
COVHIT 417
COVHIT 19
COVHIT 33
COVHIT 20
COVHIT 22
COVHIT 21
COVHIT 62
COVHIT 59
COVHIT 69
COVHIT 61
COVHIT 60
COVHIT 64
COVHIT 418
COVHIT 31
COVHIT 419
COVHIT 206
COVHIT 376
COVHIT 273
COVHIT 6
COVHIT 194
------------------------------------------------------------------------------
Executing test testSwingCounterIgnoresRestingBaseline...
COVHIT 131
COVHIT 134
COVHIT 135
COVHIT 126
COVHIT 128
PASS
COVHIT 2
COVHIT 0
COVHIT 1
COVHIT 4
COVHIT 205
COVHIT 34
COVHIT 52
COVHIT 35
COVHIT 50
COVHIT 46
COVHIT 36
COVHIT 37
COVHIT 44
COVHIT 374
COVHIT 116
COVHIT 375
COVHIT 132
COVHIT 133
COVHIT 125
COVHIT 417
COVHIT 19
COVHIT 33
COVHIT 20
COVHIT 22
COVHIT 21
COVHIT 62
COVHIT 59
COVHIT 69
COVHIT 61
COVHIT 60
COVHIT 64
COVHIT 418
COVHIT 31
COVHIT 419
COVHIT 206
COVHIT 376
COVHIT 273
COVHIT 6
COVHIT 194
------------------------------------------------------------------------------
Executing test testSwingCounterNeedsReArmBelowLowThreshold...
COVHIT 131
COVHIT 135
COVHIT 126
COVHIT 128
COVHIT 134
PASS
COVHIT 2
COVHIT 0
COVHIT 1
COVHIT 4
COVHIT 205
COVHIT 34
COVHIT 52
COVHIT 35
COVHIT 50
COVHIT 46
COVHIT 36
COVHIT 37
COVHIT 44
COVHIT 374
COVHIT 116
COVHIT 375
COVHIT 132
COVHIT 133
COVHIT 125
COVHIT 417
COVHIT 19
COVHIT 33
COVHIT 20
COVHIT 22
COVHIT 21
COVHIT 62
COVHIT 59
COVHIT 69
COVHIT 61
COVHIT 60
COVHIT 64
COVHIT 418
COVHIT 31
COVHIT 419
COVHIT 206
COVHIT 376
COVHIT 273
COVHIT 6
COVHIT 194
------------------------------------------------------------------------------
Executing test testSwingCounterEnforcesRefractoryGap...
COVHIT 131
COVHIT 134
COVHIT 135
COVHIT 126
COVHIT 128
PASS
COVHIT 2
COVHIT 0
COVHIT 1
COVHIT 4
COVHIT 205
COVHIT 34
COVHIT 52
COVHIT 35
COVHIT 50
COVHIT 46
COVHIT 36
COVHIT 37
COVHIT 44
COVHIT 374
COVHIT 116
COVHIT 375
COVHIT 132
COVHIT 133
COVHIT 125
COVHIT 417
COVHIT 19
COVHIT 33
COVHIT 20
COVHIT 22
COVHIT 21
COVHIT 62
COVHIT 59
COVHIT 69
COVHIT 61
COVHIT 60
COVHIT 64
COVHIT 418
COVHIT 31
COVHIT 419
COVHIT 206
COVHIT 376
COVHIT 273
COVHIT 6
COVHIT 194
------------------------------------------------------------------------------
Executing test testSwingCounterUsesAllAxes...
COVHIT 131
COVHIT 134
COVHIT 135
COVHIT 126
COVHIT 128
PASS
COVHIT 2
COVHIT 0
COVHIT 1
COVHIT 4
COVHIT 205
COVHIT 34
COVHIT 52
COVHIT 35
COVHIT 50
COVHIT 46
COVHIT 36
COVHIT 37
COVHIT 44
COVHIT 374
COVHIT 116
COVHIT 375
COVHIT 132
COVHIT 133
COVHIT 125
COVHIT 417
COVHIT 19
COVHIT 33
COVHIT 20
COVHIT 22
COVHIT 21
COVHIT 62
COVHIT 59
COVHIT 69
COVHIT 61
COVHIT 60
COVHIT 64
COVHIT 418
COVHIT 31
COVHIT 419
COVHIT 206
COVHIT 376
COVHIT 273
COVHIT 6
COVHIT 194
------------------------------------------------------------------------------
Executing test testSwingCounterResets...
COVHIT 131
COVHIT 134
COVHIT 135
COVHIT 126
COVHIT 128
COVHIT 130
PASS
COVHIT 2
COVHIT 0
COVHIT 1
COVHIT 4
COVHIT 205
COVHIT 34
COVHIT 52
COVHIT 35
COVHIT 50
COVHIT 46
COVHIT 36
COVHIT 37
COVHIT 44
COVHIT 374
COVHIT 116
COVHIT 375
COVHIT 132
COVHIT 133
COVHIT 125
COVHIT 417
COVHIT 19
COVHIT 33
COVHIT 20
COVHIT 22
COVHIT 21
COVHIT 62
COVHIT 59
COVHIT 69
COVHIT 61
COVHIT 60
COVHIT 64
COVHIT 418
COVHIT 31
COVHIT 419
COVHIT 206
COVHIT 376
COVHIT 273
COVHIT 6
COVHIT 194
------------------------------------------------------------------------------
Executing test testSwingCounterManualCorrectionNeverGoesNegative...
COVHIT 131
COVHIT 129
COVHIT 128
PASS
COVHIT 2
COVHIT 0
COVHIT 1
COVHIT 4
COVHIT 205
COVHIT 34
COVHIT 52
COVHIT 35
COVHIT 50
COVHIT 46
COVHIT 36
COVHIT 37
COVHIT 44
COVHIT 374
COVHIT 116
COVHIT 375
COVHIT 132
COVHIT 133
COVHIT 125
COVHIT 417
COVHIT 19
COVHIT 33
COVHIT 20
COVHIT 22
COVHIT 21
COVHIT 62
COVHIT 59
COVHIT 69
COVHIT 61
COVHIT 60
COVHIT 64
COVHIT 418
COVHIT 31
COVHIT 419
COVHIT 206
COVHIT 376
COVHIT 273
COVHIT 6
COVHIT 194
------------------------------------------------------------------------------
Executing test testMaceCounterUsesGyroNotAcceleration...
COVHIT 134
COVHIT 135
COVHIT 126
COVHIT 128
COVHIT 136
COVHIT 127
PASS
COVHIT 2
COVHIT 0
COVHIT 1
COVHIT 4
COVHIT 205
COVHIT 34
COVHIT 52
COVHIT 35
COVHIT 50
COVHIT 46
COVHIT 36
COVHIT 37
COVHIT 44
COVHIT 374
COVHIT 116
COVHIT 375
COVHIT 132
COVHIT 133
COVHIT 125
COVHIT 417
COVHIT 19
COVHIT 33
COVHIT 20
COVHIT 22
COVHIT 21
COVHIT 62
COVHIT 59
COVHIT 69
COVHIT 61
COVHIT 60
COVHIT 64
COVHIT 418
COVHIT 31
COVHIT 419
COVHIT 206
COVHIT 376
COVHIT 273
COVHIT 6
COVHIT 194
------------------------------------------------------------------------------
Executing test testMaceCounterCountsSeparatedGyroPeaks...
COVHIT 136
COVHIT 127
COVHIT 128
PASS
COVHIT 2
COVHIT 0
COVHIT 1
COVHIT 4
COVHIT 205
COVHIT 34
COVHIT 52
COVHIT 35
COVHIT 50
COVHIT 46
COVHIT 36
COVHIT 37
COVHIT 44
COVHIT 374
COVHIT 116
COVHIT 375
COVHIT 132
COVHIT 133
COVHIT 125
COVHIT 417
COVHIT 19
COVHIT 33
COVHIT 20
COVHIT 22
COVHIT 21
COVHIT 62
COVHIT 59
COVHIT 69
COVHIT 61
COVHIT 60
COVHIT 64
COVHIT 418
COVHIT 31
COVHIT 419
COVHIT 206
COVHIT 376
COVHIT 273
COVHIT 6
COVHIT 194
------------------------------------------------------------------------------
Executing test testMaceCounterRejectsGyroTremorAndResets...
COVHIT 136
COVHIT 127
COVHIT 128
COVHIT 130
PASS
COVHIT 2
COVHIT 0
COVHIT 1
COVHIT 4
COVHIT 205
COVHIT 34
COVHIT 52
COVHIT 35
COVHIT 50
COVHIT 46
COVHIT 36
COVHIT 37
COVHIT 44
COVHIT 374
COVHIT 116
COVHIT 375
COVHIT 132
COVHIT 133
COVHIT 125
COVHIT 417
COVHIT 19
COVHIT 33
COVHIT 20
COVHIT 22
COVHIT 21
COVHIT 62
COVHIT 59
COVHIT 69
COVHIT 61
COVHIT 60
COVHIT 64
COVHIT 418
COVHIT 31
COVHIT 419
COVHIT 206
COVHIT 376
COVHIT 273
COVHIT 6
COVHIT 194
------------------------------------------------------------------------------
Executing test testMaceCounterUpdatesDuringRestWithoutCounting...
COVHIT 136
COVHIT 127
COVHIT 128
PASS
COVHIT 2
COVHIT 0
COVHIT 1
COVHIT 4
COVHIT 205
COVHIT 34
COVHIT 52
COVHIT 35
COVHIT 50
COVHIT 46
COVHIT 36
COVHIT 37
COVHIT 44
COVHIT 374
COVHIT 116
COVHIT 375
COVHIT 132
COVHIT 133
COVHIT 125
COVHIT 417
COVHIT 19
COVHIT 33
COVHIT 20
COVHIT 22
COVHIT 21
COVHIT 62
COVHIT 59
COVHIT 69
COVHIT 61
COVHIT 60
COVHIT 64
COVHIT 418
COVHIT 31
COVHIT 419
COVHIT 206
COVHIT 376
COVHIT 273
COVHIT 6
COVHIT 194
------------------------------------------------------------------------------
Executing test testSwingSeriesTracksEventsTotalAndRollingCadence...
COVHIT 137
PASS
COVHIT 2
COVHIT 0
COVHIT 1
COVHIT 4
COVHIT 205
COVHIT 34
COVHIT 52
COVHIT 35
COVHIT 50
COVHIT 46
COVHIT 36
COVHIT 37
COVHIT 44
COVHIT 374
COVHIT 116
COVHIT 375
COVHIT 132
COVHIT 133
COVHIT 125
COVHIT 417
COVHIT 19
COVHIT 33
COVHIT 20
COVHIT 22
COVHIT 21
COVHIT 62
COVHIT 59
COVHIT 69
COVHIT 61
COVHIT 60
COVHIT 64
COVHIT 418
COVHIT 31
COVHIT 419
COVHIT 206
COVHIT 376
COVHIT 273
COVHIT 6
COVHIT 194
------------------------------------------------------------------------------
Executing test testSwingSeriesRollingWindowEvictsTheOldestSecond...
COVHIT 137
PASS
COVHIT 2
COVHIT 0
COVHIT 1
COVHIT 4
COVHIT 205
COVHIT 34
COVHIT 52
COVHIT 35
COVHIT 50
COVHIT 46
COVHIT 36
COVHIT 37
COVHIT 44
COVHIT 374
COVHIT 116
COVHIT 375
COVHIT 132
COVHIT 133
COVHIT 125
COVHIT 417
COVHIT 19
COVHIT 33
COVHIT 20
COVHIT 22
COVHIT 21
COVHIT 62
COVHIT 59
COVHIT 69
COVHIT 61
COVHIT 60
COVHIT 64
COVHIT 418
COVHIT 31
COVHIT 419
COVHIT 206
COVHIT 376
COVHIT 273
COVHIT 6
COVHIT 194
------------------------------------------------------------------------------
Executing test testSwingSeriesCorrectionDoesNotInventAnEvent...
COVHIT 137
COVHIT 138
PASS
COVHIT 2
COVHIT 0
COVHIT 1
COVHIT 4
COVHIT 205
COVHIT 34
COVHIT 52
COVHIT 35
COVHIT 50
COVHIT 46
COVHIT 36
COVHIT 37
COVHIT 44
COVHIT 374
COVHIT 116
COVHIT 375
COVHIT 132
COVHIT 133
COVHIT 125
COVHIT 417
COVHIT 19
COVHIT 33
COVHIT 20
COVHIT 22
COVHIT 21
COVHIT 62
COVHIT 59
COVHIT 69
COVHIT 61
COVHIT 60
COVHIT 64
COVHIT 418
COVHIT 31
COVHIT 419
COVHIT 206
COVHIT 376
COVHIT 273
COVHIT 6
COVHIT 194
------------------------------------------------------------------------------
Executing test testSyntheticWorkoutUsesProductionMotionPipeline...
COVHIT 131
COVHIT 81
COVHIT 77
COVHIT 128
COVHIT 137
COVHIT 85
COVHIT 70
COVHIT 126
COVHIT 86
COVHIT 83
COVHIT 82
COVHIT 71
COVHIT 73
PASS
COVHIT 2
COVHIT 0
COVHIT 1
COVHIT 4
COVHIT 205
COVHIT 34
COVHIT 52
COVHIT 35
COVHIT 50
COVHIT 46
COVHIT 36
COVHIT 37
COVHIT 44
COVHIT 374
COVHIT 116
COVHIT 375
COVHIT 132
COVHIT 133
COVHIT 125
COVHIT 417
COVHIT 19
COVHIT 33
COVHIT 20
COVHIT 22
COVHIT 21
COVHIT 62
COVHIT 59
COVHIT 69
COVHIT 61
COVHIT 60
COVHIT 64
COVHIT 418
COVHIT 31
COVHIT 419
COVHIT 206
COVHIT 376
COVHIT 273
COVHIT 6
COVHIT 194
------------------------------------------------------------------------------
Executing test testSyntheticWorkoutDistinguishesSmoothAndIrregularWork...
COVHIT 131
COVHIT 81
COVHIT 77
COVHIT 128
COVHIT 137
COVHIT 85
COVHIT 70
COVHIT 126
COVHIT 86
COVHIT 83
COVHIT 82
COVHIT 71
COVHIT 73
PASS
COVHIT 2
COVHIT 0
COVHIT 1
COVHIT 4
COVHIT 205
COVHIT 34
COVHIT 52
COVHIT 35
COVHIT 50
COVHIT 46
COVHIT 36
COVHIT 37
COVHIT 44
COVHIT 374
COVHIT 116
COVHIT 375
COVHIT 132
COVHIT 133
COVHIT 125
COVHIT 417
COVHIT 19
COVHIT 33
COVHIT 20
COVHIT 22
COVHIT 21
COVHIT 62
COVHIT 59
COVHIT 69
COVHIT 61
COVHIT 60
COVHIT 64
COVHIT 418
COVHIT 31
COVHIT 419
COVHIT 206
COVHIT 376
COVHIT 273
COVHIT 6
COVHIT 194
------------------------------------------------------------------------------
Executing test testSyntheticSpikeBecomesSessionPeak...
COVHIT 131
COVHIT 81
COVHIT 77
COVHIT 128
COVHIT 137
COVHIT 85
COVHIT 70
COVHIT 126
COVHIT 86
COVHIT 83
COVHIT 82
COVHIT 71
COVHIT 73
PASS
COVHIT 2
COVHIT 0
COVHIT 1
COVHIT 4
COVHIT 205
COVHIT 34
COVHIT 52
COVHIT 35
COVHIT 50
COVHIT 46
COVHIT 36
COVHIT 37
COVHIT 44
COVHIT 374
COVHIT 116
COVHIT 375
COVHIT 132
COVHIT 133
COVHIT 125
COVHIT 417
COVHIT 19
COVHIT 33
COVHIT 20
COVHIT 22
COVHIT 21
COVHIT 62
COVHIT 59
COVHIT 69
COVHIT 61
COVHIT 60
COVHIT 64
COVHIT 418
COVHIT 31
COVHIT 419
COVHIT 206
COVHIT 376
COVHIT 273
COVHIT 6
COVHIT 194
------------------------------------------------------------------------------
Executing test testSyntheticRestPreservesGravityWithoutDynamicLoad...
COVHIT 131
COVHIT 81
COVHIT 77
COVHIT 128
COVHIT 137
COVHIT 85
COVHIT 70
COVHIT 126
COVHIT 86
COVHIT 83
COVHIT 82
COVHIT 71
COVHIT 73
PASS
COVHIT 2
COVHIT 0
COVHIT 1
COVHIT 4
COVHIT 205
COVHIT 34
COVHIT 52
COVHIT 35
COVHIT 50
COVHIT 46
COVHIT 36
COVHIT 37
COVHIT 44
COVHIT 374
COVHIT 116
COVHIT 375
COVHIT 132
COVHIT 133
COVHIT 125
COVHIT 417
COVHIT 19
COVHIT 33
COVHIT 20
COVHIT 22
COVHIT 21
COVHIT 62
COVHIT 59
COVHIT 69
COVHIT 61
COVHIT 60
COVHIT 64
COVHIT 418
COVHIT 31
COVHIT 419
COVHIT 206
COVHIT 376
COVHIT 273
COVHIT 6
COVHIT 194
------------------------------------------------------------------------------
Executing test testSyntheticWorkoutProducesSwingTimeSeries...
COVHIT 131
COVHIT 81
COVHIT 77
COVHIT 128
COVHIT 137
COVHIT 85
COVHIT 70
COVHIT 126
COVHIT 86
COVHIT 83
COVHIT 82
COVHIT 71
COVHIT 73
PASS
COVHIT 2
COVHIT 0
COVHIT 1
COVHIT 4
COVHIT 205
COVHIT 34
COVHIT 52
COVHIT 35
COVHIT 50
COVHIT 46
COVHIT 36
COVHIT 37
COVHIT 44
COVHIT 374
COVHIT 116
COVHIT 375
COVHIT 132
COVHIT 133
COVHIT 125
COVHIT 417
COVHIT 19
COVHIT 33
COVHIT 20
COVHIT 22
COVHIT 21
COVHIT 62
COVHIT 59
COVHIT 69
COVHIT 61
COVHIT 60
COVHIT 64
COVHIT 418
COVHIT 31
COVHIT 419
COVHIT 206
COVHIT 376
COVHIT 273
COVHIT 6
COVHIT 194
------------------------------------------------------------------------------
Executing test testTrainingLoadEmptyLogIsUnavailable...
COVHIT 141
COVHIT 140
COVHIT 142
PASS
COVHIT 2
COVHIT 0
COVHIT 1
COVHIT 4
COVHIT 205
COVHIT 34
COVHIT 52
COVHIT 35
COVHIT 50
COVHIT 46
COVHIT 36
COVHIT 37
COVHIT 44
COVHIT 374
COVHIT 116
COVHIT 375
COVHIT 132
COVHIT 133
COVHIT 125
COVHIT 417
COVHIT 19
COVHIT 33
COVHIT 20
COVHIT 22
COVHIT 21
COVHIT 62
COVHIT 59
COVHIT 69
COVHIT 61
COVHIT 60
COVHIT 64
COVHIT 418
COVHIT 31
COVHIT 419
COVHIT 206
COVHIT 376
COVHIT 273
COVHIT 6
COVHIT 194
------------------------------------------------------------------------------
Executing test testTrainingLoadIgnoresSessionsOutsideTheChronicWindow...
COVHIT 143
COVHIT 355
COVHIT 369
COVHIT 89
COVHIT 90
COVHIT 357
COVHIT 358
COVHIT 360
COVHIT 361
COVHIT 367
COVHIT 370
COVHIT 371
COVHIT 372
COVHIT 91
COVHIT 141
COVHIT 140
COVHIT 92
COVHIT 115
PASS
COVHIT 2
COVHIT 0
COVHIT 1
COVHIT 4
COVHIT 205
COVHIT 34
COVHIT 52
COVHIT 35
COVHIT 50
COVHIT 46
COVHIT 36
COVHIT 37
COVHIT 44
COVHIT 374
COVHIT 116
COVHIT 375
COVHIT 132
COVHIT 133
COVHIT 125
COVHIT 417
COVHIT 19
COVHIT 33
COVHIT 20
COVHIT 22
COVHIT 21
COVHIT 62
COVHIT 59
COVHIT 69
COVHIT 61
COVHIT 60
COVHIT 64
COVHIT 418
COVHIT 31
COVHIT 419
COVHIT 206
COVHIT 376
COVHIT 273
COVHIT 6
COVHIT 194
------------------------------------------------------------------------------
Executing test testTrainingLoadSteadyWeekMatchesBaseline...
COVHIT 143
COVHIT 355
COVHIT 369
COVHIT 89
COVHIT 90
COVHIT 357
COVHIT 358
COVHIT 360
COVHIT 361
COVHIT 367
COVHIT 370
COVHIT 371
COVHIT 372
COVHIT 91
COVHIT 141
COVHIT 140
COVHIT 92
COVHIT 115
COVHIT 104
COVHIT 101
COVHIT 113
COVHIT 99
COVHIT 110
COVHIT 114
COVHIT 142
PASS
COVHIT 2
COVHIT 0
COVHIT 1
COVHIT 4
COVHIT 205
COVHIT 34
COVHIT 52
COVHIT 35
COVHIT 50
COVHIT 46
COVHIT 36
COVHIT 37
COVHIT 44
COVHIT 374
COVHIT 116
COVHIT 375
COVHIT 132
COVHIT 133
COVHIT 125
COVHIT 417
COVHIT 19
COVHIT 33
COVHIT 20
COVHIT 22
COVHIT 21
COVHIT 62
COVHIT 59
COVHIT 69
COVHIT 61
COVHIT 60
COVHIT 64
COVHIT 418
COVHIT 31
COVHIT 419
COVHIT 206
COVHIT 376
COVHIT 273
COVHIT 6
COVHIT 194
------------------------------------------------------------------------------
Executing test testTrainingLoadSpikeAboveBaselineReadsHigh...
COVHIT 143
COVHIT 355
COVHIT 369
COVHIT 89
COVHIT 90
COVHIT 357
COVHIT 358
COVHIT 360
COVHIT 361
COVHIT 367
COVHIT 370
COVHIT 371
COVHIT 372
COVHIT 91
COVHIT 141
COVHIT 140
COVHIT 92
COVHIT 115
COVHIT 104
COVHIT 101
COVHIT 113
COVHIT 99
COVHIT 110
COVHIT 114
COVHIT 142
PASS
COVHIT 2
COVHIT 0
COVHIT 1
COVHIT 4
COVHIT 205
COVHIT 34
COVHIT 52
COVHIT 35
COVHIT 50
COVHIT 46
COVHIT 36
COVHIT 37
COVHIT 44
COVHIT 374
COVHIT 116
COVHIT 375
COVHIT 132
COVHIT 133
COVHIT 125
COVHIT 417
COVHIT 19
COVHIT 33
COVHIT 20
COVHIT 22
COVHIT 21
COVHIT 62
COVHIT 59
COVHIT 69
COVHIT 61
COVHIT 60
COVHIT 64
COVHIT 418
COVHIT 31
COVHIT 419
COVHIT 206
COVHIT 376
COVHIT 273
COVHIT 6
COVHIT 194
------------------------------------------------------------------------------
Executing test testTrainingLoadQuietWeekAfterABusyMonthReadsLow...
COVHIT 143
COVHIT 355
COVHIT 369
COVHIT 89
COVHIT 90
COVHIT 357
COVHIT 358
COVHIT 360
COVHIT 361
COVHIT 367
COVHIT 370
COVHIT 371
COVHIT 372
COVHIT 91
COVHIT 141
COVHIT 140
COVHIT 92
COVHIT 115
COVHIT 104
COVHIT 101
COVHIT 113
COVHIT 99
COVHIT 110
COVHIT 114
COVHIT 142
PASS
COVHIT 2
COVHIT 0
COVHIT 1
COVHIT 4
COVHIT 205
COVHIT 34
COVHIT 52
COVHIT 35
COVHIT 50
COVHIT 46
COVHIT 36
COVHIT 37
COVHIT 44
COVHIT 374
COVHIT 116
COVHIT 375
COVHIT 132
COVHIT 133
COVHIT 125
COVHIT 417
COVHIT 19
COVHIT 33
COVHIT 20
COVHIT 22
COVHIT 21
COVHIT 62
COVHIT 59
COVHIT 69
COVHIT 61
COVHIT 60
COVHIT 64
COVHIT 418
COVHIT 31
COVHIT 419
COVHIT 206
COVHIT 376
COVHIT 273
COVHIT 6
COVHIT 194
------------------------------------------------------------------------------
Executing test testCustomEditorWalksSetsWorkRestAndSaves...
COVHIT 144
COVHIT 346
COVHIT 347
COVHIT 345
COVHIT 348
COVHIT 147
COVHIT 146
COVHIT 148
PASS
COVHIT 2
COVHIT 0
COVHIT 1
COVHIT 4
COVHIT 205
COVHIT 34
COVHIT 52
COVHIT 35
COVHIT 50
COVHIT 46
COVHIT 36
COVHIT 37
COVHIT 44
COVHIT 374
COVHIT 116
COVHIT 375
COVHIT 132
COVHIT 133
COVHIT 125
COVHIT 417
COVHIT 19
COVHIT 33
COVHIT 20
COVHIT 22
COVHIT 21
COVHIT 62
COVHIT 59
COVHIT 69
COVHIT 61
COVHIT 60
COVHIT 64
COVHIT 418
COVHIT 31
COVHIT 419
COVHIT 206
COVHIT 376
COVHIT 273
COVHIT 6
COVHIT 194
------------------------------------------------------------------------------
Executing test testCustomEditorAdjustsAndClampsEachField...
COVHIT 144
COVHIT 346
COVHIT 347
COVHIT 345
COVHIT 348
COVHIT 145
COVHIT 146
PASS
COVHIT 2
COVHIT 0
COVHIT 1
COVHIT 4
COVHIT 205
COVHIT 34
COVHIT 52
COVHIT 35
COVHIT 50
COVHIT 46
COVHIT 36
COVHIT 37
COVHIT 44
COVHIT 374
COVHIT 116
COVHIT 375
COVHIT 132
COVHIT 133
COVHIT 125
COVHIT 417
COVHIT 19
COVHIT 33
COVHIT 20
COVHIT 22
COVHIT 21
COVHIT 62
COVHIT 59
COVHIT 69
COVHIT 61
COVHIT 60
COVHIT 64
COVHIT 418
COVHIT 31
COVHIT 419
COVHIT 206
COVHIT 376
COVHIT 273
COVHIT 6
COVHIT 194
------------------------------------------------------------------------------
Executing test testInputHintsMatchTheHardware...
COVHIT 162
COVHIT 159
COVHIT 164
COVHIT 163
COVHIT 161
COVHIT 158
PASS
COVHIT 2
COVHIT 0
COVHIT 1
COVHIT 4
COVHIT 205
COVHIT 34
COVHIT 52
COVHIT 35
COVHIT 50
COVHIT 46
COVHIT 36
COVHIT 37
COVHIT 44
COVHIT 374
COVHIT 116
COVHIT 375
COVHIT 132
COVHIT 133
COVHIT 125
COVHIT 417
COVHIT 19
COVHIT 33
COVHIT 20
COVHIT 22
COVHIT 21
COVHIT 62
COVHIT 59
COVHIT 69
COVHIT 61
COVHIT 60
COVHIT 64
COVHIT 418
COVHIT 31
COVHIT 419
COVHIT 206
COVHIT 376
COVHIT 273
COVHIT 6
COVHIT 194
------------------------------------------------------------------------------
Executing test testHistoryDetailScrollWrapsThroughOverviewAndSets...
COVHIT 355
COVHIT 359
COVHIT 368
COVHIT 89
COVHIT 90
COVHIT 357
COVHIT 358
COVHIT 360
COVHIT 361
COVHIT 367
COVHIT 370
COVHIT 371
COVHIT 372
COVHIT 174
COVHIT 101
COVHIT 113
COVHIT 99
COVHIT 115
COVHIT 104
COVHIT 175
PASS
COVHIT 2
COVHIT 0
COVHIT 1
COVHIT 4
COVHIT 205
COVHIT 34
COVHIT 52
COVHIT 35
COVHIT 50
COVHIT 46
COVHIT 36
COVHIT 37
COVHIT 44
COVHIT 374
COVHIT 116
COVHIT 375
COVHIT 132
COVHIT 133
COVHIT 125
COVHIT 417
COVHIT 19
COVHIT 33
COVHIT 20
COVHIT 22
COVHIT 21
COVHIT 62
COVHIT 59
COVHIT 69
COVHIT 61
COVHIT 60
COVHIT 64
COVHIT 418
COVHIT 31
COVHIT 419
COVHIT 206
COVHIT 376
COVHIT 273
COVHIT 6
COVHIT 194
------------------------------------------------------------------------------
Executing test testHistoryDetailRendersLegacyRecordsWithoutDetails...
COVHIT 89
COVHIT 174
COVHIT 101
COVHIT 113
COVHIT 99
COVHIT 115
COVHIT 175
PASS
COVHIT 2
COVHIT 0
COVHIT 1
COVHIT 4
COVHIT 205
COVHIT 34
COVHIT 52
COVHIT 35
COVHIT 50
COVHIT 46
COVHIT 36
COVHIT 37
COVHIT 44
COVHIT 374
COVHIT 116
COVHIT 375
COVHIT 132
COVHIT 133
COVHIT 125
COVHIT 417
COVHIT 19
COVHIT 33
COVHIT 20
COVHIT 22
COVHIT 21
COVHIT 62
COVHIT 59
COVHIT 69
COVHIT 61
COVHIT 60
COVHIT 64
COVHIT 418
COVHIT 31
COVHIT 419
COVHIT 206
COVHIT 376
COVHIT 273
COVHIT 6
COVHIT 194
------------------------------------------------------------------------------
Executing test testLayoutFitsThisScreen...
COVHIT 186
COVHIT 185
COVHIT 187
COVHIT 189
PASS
COVHIT 2
COVHIT 0
COVHIT 1
COVHIT 4
COVHIT 205
COVHIT 34
COVHIT 52
COVHIT 35
COVHIT 50
COVHIT 46
COVHIT 36
COVHIT 37
COVHIT 44
COVHIT 374
COVHIT 116
COVHIT 375
COVHIT 132
COVHIT 133
COVHIT 125
COVHIT 417
COVHIT 19
COVHIT 33
COVHIT 20
COVHIT 22
COVHIT 21
COVHIT 62
COVHIT 59
COVHIT 69
COVHIT 61
COVHIT 60
COVHIT 64
COVHIT 418
COVHIT 31
COVHIT 419
COVHIT 206
COVHIT 376
COVHIT 273
COVHIT 6
COVHIT 194
------------------------------------------------------------------------------
Executing test testReferenceScreenLayoutIsUnchanged...
COVHIT 185
COVHIT 186
COVHIT 187
COVHIT 189
PASS
COVHIT 2
COVHIT 0
COVHIT 1
COVHIT 4
COVHIT 205
COVHIT 34
COVHIT 52
COVHIT 35
COVHIT 50
COVHIT 46
COVHIT 36
COVHIT 37
COVHIT 44
COVHIT 374
COVHIT 116
COVHIT 375
COVHIT 132
COVHIT 133
COVHIT 125
COVHIT 417
COVHIT 19
COVHIT 33
COVHIT 20
COVHIT 22
COVHIT 21
COVHIT 62
COVHIT 59
COVHIT 69
COVHIT 61
COVHIT 60
COVHIT 64
COVHIT 418
COVHIT 31
COVHIT 419
COVHIT 206
COVHIT 376
COVHIT 273
COVHIT 6
COVHIT 194
------------------------------------------------------------------------------
Executing test testIdleIntervalScreenRenders...
COVHIT 215
COVHIT 343
COVHIT 216
PASS
COVHIT 2
COVHIT 0
COVHIT 1
COVHIT 4
COVHIT 205
COVHIT 34
COVHIT 52
COVHIT 35
COVHIT 50
COVHIT 46
COVHIT 36
COVHIT 37
COVHIT 44
COVHIT 374
COVHIT 116
COVHIT 375
COVHIT 132
COVHIT 133
COVHIT 125
COVHIT 417
COVHIT 19
COVHIT 33
COVHIT 20
COVHIT 22
COVHIT 21
COVHIT 62
COVHIT 59
COVHIT 69
COVHIT 61
COVHIT 60
COVHIT 64
COVHIT 418
COVHIT 31
COVHIT 419
COVHIT 206
COVHIT 376
COVHIT 273
COVHIT 6
COVHIT 194
------------------------------------------------------------------------------
Executing test testStartCountdownScreenRenders...
COVHIT 218
COVHIT 213
COVHIT 344
COVHIT 345
COVHIT 347
COVHIT 211
COVHIT 422
COVHIT 39
COVHIT 221
COVHIT 386
COVHIT 41
COVHIT 216
COVHIT 217
COVHIT 333
COVHIT 224
PASS
COVHIT 2
COVHIT 0
COVHIT 1
COVHIT 4
COVHIT 205
COVHIT 34
COVHIT 52
COVHIT 35
COVHIT 50
COVHIT 46
COVHIT 36
COVHIT 37
COVHIT 44
COVHIT 374
COVHIT 116
COVHIT 375
COVHIT 132
COVHIT 133
COVHIT 125
COVHIT 417
COVHIT 19
COVHIT 33
COVHIT 20
COVHIT 22
COVHIT 21
COVHIT 62
COVHIT 59
COVHIT 69
COVHIT 61
COVHIT 60
COVHIT 64
COVHIT 418
COVHIT 31
COVHIT 419
COVHIT 206
COVHIT 376
COVHIT 273
COVHIT 6
COVHIT 194
------------------------------------------------------------------------------
Executing test testPausedAndDoneSummariesRender...
COVHIT 387
COVHIT 403
COVHIT 411
COVHIT 121
COVHIT 406
COVHIT 355
COVHIT 312
COVHIT 311
COVHIT 405
COVHIT 359
COVHIT 236
COVHIT 378
PASS
COVHIT 2
COVHIT 0
COVHIT 1
COVHIT 4
COVHIT 205
COVHIT 34
COVHIT 52
COVHIT 35
COVHIT 50
COVHIT 46
COVHIT 36
COVHIT 37
COVHIT 44
COVHIT 374
COVHIT 116
COVHIT 375
COVHIT 132
COVHIT 133
COVHIT 125
COVHIT 417
COVHIT 19
COVHIT 33
COVHIT 20
COVHIT 22
COVHIT 21
COVHIT 62
COVHIT 59
COVHIT 69
COVHIT 61
COVHIT 60
COVHIT 64
COVHIT 418
COVHIT 31
COVHIT 419
COVHIT 206
COVHIT 376
COVHIT 273
COVHIT 6
COVHIT 194
------------------------------------------------------------------------------
Executing test testIntervalWorkoutScreenRenders...
COVHIT 337
PASS
COVHIT 2
COVHIT 0
COVHIT 1
COVHIT 4
COVHIT 205
COVHIT 34
COVHIT 52
COVHIT 35
COVHIT 50
COVHIT 46
COVHIT 36
COVHIT 37
COVHIT 44
COVHIT 374
COVHIT 116
COVHIT 375
COVHIT 132
COVHIT 133
COVHIT 125
COVHIT 417
COVHIT 19
COVHIT 33
COVHIT 20
COVHIT 22
COVHIT 21
COVHIT 62
COVHIT 59
COVHIT 69
COVHIT 61
COVHIT 60
COVHIT 64
COVHIT 418
COVHIT 31
COVHIT 419
COVHIT 206
COVHIT 376
COVHIT 273
COVHIT 6
COVHIT 194
------------------------------------------------------------------------------
Executing test testFreeTrainingScreensRender...
COVHIT 226
COVHIT 225
COVHIT 234
COVHIT 331
COVHIT 403
COVHIT 411
COVHIT 121
COVHIT 406
COVHIT 355
COVHIT 312
COVHIT 311
COVHIT 56
COVHIT 378
COVHIT 330
COVHIT 237
COVHIT 47
COVHIT 48
COVHIT 405
COVHIT 407
COVHIT 39
COVHIT 211
COVHIT 55
COVHIT 57
COVHIT 45
COVHIT 42
COVHIT 58
PASS
COVHIT 2
COVHIT 0
COVHIT 1
COVHIT 4
COVHIT 205
COVHIT 34
COVHIT 52
COVHIT 35
COVHIT 50
COVHIT 46
COVHIT 36
COVHIT 37
COVHIT 44
COVHIT 374
COVHIT 116
COVHIT 375
COVHIT 132
COVHIT 133
COVHIT 125
COVHIT 417
COVHIT 19
COVHIT 33
COVHIT 20
COVHIT 22
COVHIT 21
COVHIT 62
COVHIT 59
COVHIT 69
COVHIT 61
COVHIT 60
COVHIT 64
COVHIT 418
COVHIT 31
COVHIT 419
COVHIT 206
COVHIT 376
COVHIT 273
COVHIT 6
COVHIT 194
------------------------------------------------------------------------------
Executing test testRestPageCyclesAndResetsWithPhase...
COVHIT 225
COVHIT 234
COVHIT 331
COVHIT 403
COVHIT 411
COVHIT 121
COVHIT 406
COVHIT 355
COVHIT 312
COVHIT 311
COVHIT 56
COVHIT 378
COVHIT 330
COVHIT 237
COVHIT 47
COVHIT 48
COVHIT 226
COVHIT 228
COVHIT 227
COVHIT 405
COVHIT 407
COVHIT 39
COVHIT 211
COVHIT 55
COVHIT 57
COVHIT 45
COVHIT 42
COVHIT 58
PASS
COVHIT 2
COVHIT 0
COVHIT 1
COVHIT 4
COVHIT 205
COVHIT 34
COVHIT 52
COVHIT 35
COVHIT 50
COVHIT 46
COVHIT 36
COVHIT 37
COVHIT 44
COVHIT 374
COVHIT 116
COVHIT 375
COVHIT 132
COVHIT 133
COVHIT 125
COVHIT 417
COVHIT 19
COVHIT 33
COVHIT 20
COVHIT 22
COVHIT 21
COVHIT 62
COVHIT 59
COVHIT 69
COVHIT 61
COVHIT 60
COVHIT 64
COVHIT 418
COVHIT 31
COVHIT 419
COVHIT 206
COVHIT 376
COVHIT 273
COVHIT 6
COVHIT 194
------------------------------------------------------------------------------
Executing test testComboWorkScreenRenders...
COVHIT 384
COVHIT 385
PASS
COVHIT 2
COVHIT 0
COVHIT 1
COVHIT 4
COVHIT 205
COVHIT 34
COVHIT 52
COVHIT 35
COVHIT 50
COVHIT 46
COVHIT 36
COVHIT 37
COVHIT 44
COVHIT 374
COVHIT 116
COVHIT 375
COVHIT 132
COVHIT 133
COVHIT 125
COVHIT 417
COVHIT 19
COVHIT 33
COVHIT 20
COVHIT 22
COVHIT 21
COVHIT 62
COVHIT 59
COVHIT 69
COVHIT 61
COVHIT 60
COVHIT 64
COVHIT 418
COVHIT 31
COVHIT 419
COVHIT 206
COVHIT 376
COVHIT 273
COVHIT 6
COVHIT 194
------------------------------------------------------------------------------
Executing test testDiscardResetsTheViewState...
COVHIT 403
COVHIT 411
COVHIT 121
COVHIT 406
COVHIT 355
COVHIT 312
COVHIT 311
COVHIT 231
COVHIT 56
COVHIT 431
COVHIT 399
COVHIT 329
COVHIT 39
PASS
COVHIT 2
COVHIT 0
COVHIT 1
COVHIT 4
COVHIT 205
COVHIT 34
COVHIT 52
COVHIT 35
COVHIT 50
COVHIT 46
COVHIT 36
COVHIT 37
COVHIT 44
COVHIT 374
COVHIT 116
COVHIT 375
COVHIT 132
COVHIT 133
COVHIT 125
COVHIT 417
COVHIT 19
COVHIT 33
COVHIT 20
COVHIT 22
COVHIT 21
COVHIT 62
COVHIT 59
COVHIT 69
COVHIT 61
COVHIT 60
COVHIT 64
COVHIT 418
COVHIT 31
COVHIT 419
COVHIT 206
COVHIT 376
COVHIT 273
COVHIT 6
COVHIT 194
------------------------------------------------------------------------------
Executing test testRepCountAdjustmentsAreGuarded...
COVHIT 212
COVHIT 211
COVHIT 425
PASS
COVHIT 2
COVHIT 0
COVHIT 1
COVHIT 4
COVHIT 205
COVHIT 34
COVHIT 52
COVHIT 35
COVHIT 50
COVHIT 46
COVHIT 36
COVHIT 37
COVHIT 44
COVHIT 374
COVHIT 116
COVHIT 375
COVHIT 132
COVHIT 133
COVHIT 125
COVHIT 417
COVHIT 19
COVHIT 33
COVHIT 20
COVHIT 22
COVHIT 21
COVHIT 62
COVHIT 59
COVHIT 69
COVHIT 61
COVHIT 60
COVHIT 64
COVHIT 418
COVHIT 31
COVHIT 419
COVHIT 206
COVHIT 376
COVHIT 273
COVHIT 6
COVHIT 194
------------------------------------------------------------------------------
Executing test testWorkoutCountdownCallbackIsRuntimeResolvable...
PASS
COVHIT 2
COVHIT 0
COVHIT 1
COVHIT 4
COVHIT 205
COVHIT 34
COVHIT 52
COVHIT 35
COVHIT 50
COVHIT 46
COVHIT 36
COVHIT 37
COVHIT 44
COVHIT 374
COVHIT 116
COVHIT 375
COVHIT 132
COVHIT 133
COVHIT 125
COVHIT 417
COVHIT 19
COVHIT 33
COVHIT 20
COVHIT 22
COVHIT 21
COVHIT 62
COVHIT 59
COVHIT 69
COVHIT 61
COVHIT 60
COVHIT 64
COVHIT 418
COVHIT 31
COVHIT 419
COVHIT 206
COVHIT 376
COVHIT 273
COVHIT 6
COVHIT 194
------------------------------------------------------------------------------
Executing test testEquipmentMenuOffersEveryImplement...
COVHIT 167
COVHIT 29
COVHIT 24
COVHIT 26
COVHIT 25
COVHIT 23
PASS
COVHIT 2
COVHIT 0
COVHIT 1
COVHIT 4
COVHIT 205
COVHIT 34
COVHIT 52
COVHIT 35
COVHIT 50
COVHIT 46
COVHIT 36
COVHIT 37
COVHIT 44
COVHIT 374
COVHIT 116
COVHIT 375
COVHIT 132
COVHIT 133
COVHIT 125
COVHIT 417
COVHIT 19
COVHIT 33
COVHIT 20
COVHIT 22
COVHIT 21
COVHIT 62
COVHIT 59
COVHIT 69
COVHIT 61
COVHIT 60
COVHIT 64
COVHIT 418
COVHIT 31
COVHIT 419
COVHIT 206
COVHIT 376
COVHIT 273
COVHIT 6
COVHIT 194
------------------------------------------------------------------------------
Executing test testMovementMenuFollowsTheImplement...
COVHIT 248
COVHIT 65
PASS
COVHIT 2
COVHIT 0
COVHIT 1
COVHIT 4
COVHIT 205
COVHIT 34
COVHIT 52
COVHIT 35
COVHIT 50
COVHIT 46
COVHIT 36
COVHIT 37
COVHIT 44
COVHIT 374
COVHIT 116
COVHIT 375
COVHIT 132
COVHIT 133
COVHIT 125
COVHIT 417
COVHIT 19
COVHIT 33
COVHIT 20
COVHIT 22
COVHIT 21
COVHIT 62
COVHIT 59
COVHIT 69
COVHIT 61
COVHIT 60
COVHIT 64
COVHIT 418
COVHIT 31
COVHIT 419
COVHIT 206
COVHIT 376
COVHIT 273
COVHIT 6
COVHIT 194
------------------------------------------------------------------------------
Executing test testHistoryMenuBuildsWithAnEmptyLog...
COVHIT 180
COVHIT 181
COVHIT 182
PASS
COVHIT 2
COVHIT 0
COVHIT 1
COVHIT 4
COVHIT 205
COVHIT 34
COVHIT 52
COVHIT 35
COVHIT 50
COVHIT 46
COVHIT 36
COVHIT 37
COVHIT 44
COVHIT 374
COVHIT 116
COVHIT 375
COVHIT 132
COVHIT 133
COVHIT 125
COVHIT 417
COVHIT 19
COVHIT 33
COVHIT 20
COVHIT 22
COVHIT 21
COVHIT 62
COVHIT 59
COVHIT 69
COVHIT 61
COVHIT 60
COVHIT 64
COVHIT 418
COVHIT 31
COVHIT 419
COVHIT 206
COVHIT 376
COVHIT 273
COVHIT 6
COVHIT 194
------------------------------------------------------------------------------
Executing test testDiscardConfirmationOnlyActsOnYes...
COVHIT 403
COVHIT 411
COVHIT 121
COVHIT 406
COVHIT 355
COVHIT 312
COVHIT 311
COVHIT 165
COVHIT 166
COVHIT 378
COVHIT 231
COVHIT 56
COVHIT 431
COVHIT 399
COVHIT 329
COVHIT 39
PASS
COVHIT 2
COVHIT 0
COVHIT 1
COVHIT 4
COVHIT 205
COVHIT 34
COVHIT 52
COVHIT 35
COVHIT 50
COVHIT 46
COVHIT 36
COVHIT 37
COVHIT 44
COVHIT 374
COVHIT 116
COVHIT 375
COVHIT 132
COVHIT 133
COVHIT 125
COVHIT 417
COVHIT 19
COVHIT 33
COVHIT 20
COVHIT 22
COVHIT 21
COVHIT 62
COVHIT 59
COVHIT 69
COVHIT 61
COVHIT 60
COVHIT 64
COVHIT 418
COVHIT 31
COVHIT 419
COVHIT 206
COVHIT 376
COVHIT 273
COVHIT 6
COVHIT 194
------------------------------------------------------------------------------
Executing test testAccentSurvivesATwoColourPanel...
PASS
COVHIT 2
COVHIT 0
COVHIT 1
COVHIT 4
COVHIT 205
COVHIT 34
COVHIT 52
COVHIT 35
COVHIT 50
COVHIT 46
COVHIT 36
COVHIT 37
COVHIT 44
COVHIT 374
COVHIT 116
COVHIT 375
COVHIT 132
COVHIT 133
COVHIT 125
COVHIT 417
COVHIT 19
COVHIT 33
COVHIT 20
COVHIT 22
COVHIT 21
COVHIT 62
COVHIT 59
COVHIT 69
COVHIT 61
COVHIT 60
COVHIT 64
COVHIT 418
COVHIT 31
COVHIT 419
COVHIT 206
COVHIT 376
COVHIT 273
COVHIT 6
COVHIT 194
------------------------------------------------------------------------------
Executing test testRestOptionsLabelsAreCompact...
COVHIT 252
COVHIT 65
COVHIT 253
COVHIT 68
PASS
COVHIT 2
COVHIT 0
COVHIT 1
COVHIT 4
COVHIT 205
COVHIT 34
COVHIT 52
COVHIT 35
COVHIT 50
COVHIT 46
COVHIT 36
COVHIT 37
COVHIT 44
COVHIT 374
COVHIT 116
COVHIT 375
COVHIT 132
COVHIT 133
COVHIT 125
COVHIT 417
COVHIT 19
COVHIT 33
COVHIT 20
COVHIT 22
COVHIT 21
COVHIT 62
COVHIT 59
COVHIT 69
COVHIT 61
COVHIT 60
COVHIT 64
COVHIT 418
COVHIT 31
COVHIT 419
COVHIT 206
COVHIT 376
COVHIT 273
COVHIT 6
COVHIT 194
------------------------------------------------------------------------------
Executing test testSettingsMenuCornerLabels...
COVHIT 261
PASS
COVHIT 2
COVHIT 0
COVHIT 1
COVHIT 4
COVHIT 205
COVHIT 34
COVHIT 52
COVHIT 35
COVHIT 50
COVHIT 46
COVHIT 36
COVHIT 37
COVHIT 44
COVHIT 374
COVHIT 116
COVHIT 375
COVHIT 132
COVHIT 133
COVHIT 125
COVHIT 417
COVHIT 19
COVHIT 33
COVHIT 20
COVHIT 22
COVHIT 21
COVHIT 62
COVHIT 59
COVHIT 69
COVHIT 61
COVHIT 60
COVHIT 64
COVHIT 418
COVHIT 31
COVHIT 419
COVHIT 206
COVHIT 376
COVHIT 273
COVHIT 6
COVHIT 194
------------------------------------------------------------------------------
Executing test testSettingsMenuTrainingModeLabels...
COVHIT 7
COVHIT 8
PASS
COVHIT 2
COVHIT 0
COVHIT 1
COVHIT 4
COVHIT 205
COVHIT 34
COVHIT 52
COVHIT 35
COVHIT 50
COVHIT 46
COVHIT 36
COVHIT 37
COVHIT 44
COVHIT 374
COVHIT 116
COVHIT 375
COVHIT 132
COVHIT 133
COVHIT 125
COVHIT 417
COVHIT 19
COVHIT 33
COVHIT 20
COVHIT 22
COVHIT 21
COVHIT 62
COVHIT 59
COVHIT 69
COVHIT 61
COVHIT 60
COVHIT 64
COVHIT 418
COVHIT 31
COVHIT 419
COVHIT 206
COVHIT 376
COVHIT 273
COVHIT 6
COVHIT 194
------------------------------------------------------------------------------
Executing test testSettingsMenuCueLabels...
COVHIT 269
PASS
COVHIT 2
COVHIT 0
COVHIT 1
COVHIT 4
COVHIT 205
COVHIT 34
COVHIT 52
COVHIT 35
COVHIT 50
COVHIT 46
COVHIT 36
COVHIT 37
COVHIT 44
COVHIT 374
COVHIT 116
COVHIT 375
COVHIT 132
COVHIT 133
COVHIT 125
COVHIT 417
COVHIT 19
COVHIT 33
COVHIT 20
COVHIT 22
COVHIT 21
COVHIT 62
COVHIT 59
COVHIT 69
COVHIT 61
COVHIT 60
COVHIT 64
COVHIT 418
COVHIT 31
COVHIT 419
COVHIT 206
COVHIT 376
COVHIT 273
COVHIT 6
COVHIT 194
------------------------------------------------------------------------------
Executing test testSettingsMenuWristLabels...
COVHIT 263
PASS
COVHIT 2
COVHIT 0
COVHIT 1
COVHIT 4
COVHIT 205
COVHIT 34
COVHIT 52
COVHIT 35
COVHIT 50
COVHIT 46
COVHIT 36
COVHIT 37
COVHIT 44
COVHIT 374
COVHIT 116
COVHIT 375
COVHIT 132
COVHIT 133
COVHIT 125
COVHIT 417
COVHIT 19
COVHIT 33
COVHIT 20
COVHIT 22
COVHIT 21
COVHIT 62
COVHIT 59
COVHIT 69
COVHIT 61
COVHIT 60
COVHIT 64
COVHIT 418
COVHIT 31
COVHIT 419
COVHIT 206
COVHIT 376
COVHIT 273
COVHIT 6
COVHIT 194
------------------------------------------------------------------------------
Executing test testAboutRowReportsTheAppVersion...
COVHIT 257
PASS
COVHIT 2
COVHIT 0
COVHIT 1
COVHIT 4
COVHIT 205
COVHIT 34
COVHIT 52
COVHIT 35
COVHIT 50
COVHIT 46
COVHIT 36
COVHIT 37
COVHIT 44
COVHIT 374
COVHIT 116
COVHIT 375
COVHIT 132
COVHIT 133
COVHIT 125
COVHIT 417
COVHIT 19
COVHIT 33
COVHIT 20
COVHIT 22
COVHIT 21
COVHIT 62
COVHIT 59
COVHIT 69
COVHIT 61
COVHIT 60
COVHIT 64
COVHIT 418
COVHIT 31
COVHIT 419
COVHIT 206
COVHIT 376
COVHIT 273
COVHIT 6
COVHIT 194
------------------------------------------------------------------------------
Executing test testSettingsMenuPropertyFallbacks...
COVHIT 272
PASS
COVHIT 2
COVHIT 0
COVHIT 1
COVHIT 4
COVHIT 205
COVHIT 34
COVHIT 52
COVHIT 35
COVHIT 50
COVHIT 46
COVHIT 36
COVHIT 37
COVHIT 44
COVHIT 374
COVHIT 116
COVHIT 375
COVHIT 132
COVHIT 133
COVHIT 125
COVHIT 417
COVHIT 19
COVHIT 33
COVHIT 20
COVHIT 22
COVHIT 21
COVHIT 62
COVHIT 59
COVHIT 69
COVHIT 61
COVHIT 60
COVHIT 64
COVHIT 418
COVHIT 31
COVHIT 419
COVHIT 206
COVHIT 376
COVHIT 273
COVHIT 6
COVHIT 194
------------------------------------------------------------------------------
Executing test testSettingsMenuLiveLabelsMatchTheirValueForms...
COVHIT 260
COVHIT 261
COVHIT 262
COVHIT 263
COVHIT 264
COVHIT 265
COVHIT 65
COVHIT 266
COVHIT 267
COVHIT 68
COVHIT 268
COVHIT 269
COVHIT 270
COVHIT 23
COVHIT 24
COVHIT 26
COVHIT 25
COVHIT 346
COVHIT 347
COVHIT 345
COVHIT 348
COVHIT 271
PASS
COVHIT 2
COVHIT 0
COVHIT 1
COVHIT 4
COVHIT 205
COVHIT 34
COVHIT 52
COVHIT 35
COVHIT 50
COVHIT 46
COVHIT 36
COVHIT 37
COVHIT 44
COVHIT 374
COVHIT 116
COVHIT 375
COVHIT 132
COVHIT 133
COVHIT 125
COVHIT 417
COVHIT 19
COVHIT 33
COVHIT 20
COVHIT 22
COVHIT 21
COVHIT 62
COVHIT 59
COVHIT 69
COVHIT 61
COVHIT 60
COVHIT 64
COVHIT 418
COVHIT 31
COVHIT 419
COVHIT 206
COVHIT 376
COVHIT 273
COVHIT 6
COVHIT 194
------------------------------------------------------------------------------
Executing test testSettingsMenuMovementLabels...
COVHIT 265
COVHIT 65
COVHIT 267
COVHIT 68
PASS
COVHIT 2
COVHIT 0
COVHIT 1
COVHIT 4
COVHIT 205
COVHIT 34
COVHIT 52
COVHIT 35
COVHIT 50
COVHIT 46
COVHIT 36
COVHIT 37
COVHIT 44
COVHIT 374
COVHIT 116
COVHIT 375
COVHIT 132
COVHIT 133
COVHIT 125
COVHIT 417
COVHIT 19
COVHIT 33
COVHIT 20
COVHIT 22
COVHIT 21
COVHIT 62
COVHIT 59
COVHIT 69
COVHIT 61
COVHIT 60
COVHIT 64
COVHIT 418
COVHIT 31
COVHIT 419
COVHIT 206
COVHIT 376
COVHIT 273
COVHIT 6
COVHIT 194
------------------------------------------------------------------------------
Executing test testWeightEditorAdjustsInHalfUnitsAndClamps...
COVHIT 276
COVHIT 26
COVHIT 27
COVHIT 279
COVHIT 25
COVHIT 277
PASS
COVHIT 2
COVHIT 0
COVHIT 1
COVHIT 4
COVHIT 205
COVHIT 34
COVHIT 52
COVHIT 35
COVHIT 50
COVHIT 46
COVHIT 36
COVHIT 37
COVHIT 44
COVHIT 374
COVHIT 116
COVHIT 375
COVHIT 132
COVHIT 133
COVHIT 125
COVHIT 417
COVHIT 19
COVHIT 33
COVHIT 20
COVHIT 22
COVHIT 21
COVHIT 62
COVHIT 59
COVHIT 69
COVHIT 61
COVHIT 60
COVHIT 64
COVHIT 418
COVHIT 31
COVHIT 419
COVHIT 206
COVHIT 376
COVHIT 273
COVHIT 6
COVHIT 194
------------------------------------------------------------------------------
Executing test testWeightEditorSavesTheConfiguredDefault...
COVHIT 276
COVHIT 26
COVHIT 27
COVHIT 278
COVHIT 28
PASS
COVHIT 2
COVHIT 0
COVHIT 1
COVHIT 4
COVHIT 205
COVHIT 34
COVHIT 52
COVHIT 35
COVHIT 50
COVHIT 46
COVHIT 36
COVHIT 37
COVHIT 44
COVHIT 374
COVHIT 116
COVHIT 375
COVHIT 132
COVHIT 133
COVHIT 125
COVHIT 417
COVHIT 19
COVHIT 33
COVHIT 20
COVHIT 22
COVHIT 21
COVHIT 62
COVHIT 59
COVHIT 69
COVHIT 61
COVHIT 60
COVHIT 64
COVHIT 418
COVHIT 31
COVHIT 419
COVHIT 206
COVHIT 376
COVHIT 273
COVHIT 6
COVHIT 194
------------------------------------------------------------------------------
Executing test testWeightEditorScreenRenders...
COVHIT 276
COVHIT 26
COVHIT 27
PASS
COVHIT 2
COVHIT 0
COVHIT 1
COVHIT 4
COVHIT 205
COVHIT 34
COVHIT 52
COVHIT 35
COVHIT 50
COVHIT 46
COVHIT 36
COVHIT 37
COVHIT 44
COVHIT 374
COVHIT 116
COVHIT 375
COVHIT 132
COVHIT 133
COVHIT 125
COVHIT 417
COVHIT 19
COVHIT 33
COVHIT 20
COVHIT 22
COVHIT 21
COVHIT 62
COVHIT 59
COVHIT 69
COVHIT 61
COVHIT 60
COVHIT 64
COVHIT 418
COVHIT 31
COVHIT 419
COVHIT 206
COVHIT 376
COVHIT 273
COVHIT 6
COVHIT 194
------------------------------------------------------------------------------
Executing test testWeightEditorDelegateRoutesPaging...
COVHIT 276
COVHIT 26
COVHIT 27
COVHIT 281
COVHIT 279
COVHIT 25
COVHIT 283
COVHIT 277
COVHIT 282
PASS
COVHIT 2
COVHIT 0
COVHIT 1
COVHIT 4
COVHIT 205
COVHIT 34
COVHIT 52
COVHIT 35
COVHIT 50
COVHIT 46
COVHIT 36
COVHIT 37
COVHIT 44
COVHIT 374
COVHIT 116
COVHIT 375
COVHIT 132
COVHIT 133
COVHIT 125
COVHIT 417
COVHIT 19
COVHIT 33
COVHIT 20
COVHIT 22
COVHIT 21
COVHIT 62
COVHIT 59
COVHIT 69
COVHIT 61
COVHIT 60
COVHIT 64
COVHIT 418
COVHIT 31
COVHIT 419
COVHIT 206
COVHIT 376
COVHIT 273
COVHIT 6
COVHIT 194
------------------------------------------------------------------------------
Executing test testWorkoutSummaryPagesCoverAggregatesAndEverySet...
COVHIT 387
COVHIT 403
COVHIT 411
COVHIT 121
COVHIT 406
COVHIT 355
COVHIT 312
COVHIT 311
COVHIT 405
COVHIT 359
COVHIT 291
COVHIT 292
COVHIT 378
COVHIT 293
PASS
COVHIT 2
COVHIT 0
COVHIT 1
COVHIT 4
COVHIT 205
COVHIT 34
COVHIT 52
COVHIT 35
COVHIT 50
COVHIT 46
COVHIT 36
COVHIT 37
COVHIT 44
COVHIT 374
COVHIT 116
COVHIT 375
COVHIT 132
COVHIT 133
COVHIT 125
COVHIT 417
COVHIT 19
COVHIT 33
COVHIT 20
COVHIT 22
COVHIT 21
COVHIT 62
COVHIT 59
COVHIT 69
COVHIT 61
COVHIT 60
COVHIT 64
COVHIT 418
COVHIT 31
COVHIT 419
COVHIT 206
COVHIT 376
COVHIT 273
COVHIT 6
COVHIT 194
------------------------------------------------------------------------------
Executing test testWorkoutSummaryPagingWraps...
COVHIT 403
COVHIT 411
COVHIT 121
COVHIT 406
COVHIT 355
COVHIT 312
COVHIT 311
COVHIT 291
COVHIT 292
COVHIT 378
COVHIT 293
PASS
COVHIT 2
COVHIT 0
COVHIT 1
COVHIT 4
COVHIT 205
COVHIT 34
COVHIT 52
COVHIT 35
COVHIT 50
COVHIT 46
COVHIT 36
COVHIT 37
COVHIT 44
COVHIT 374
COVHIT 116
COVHIT 375
COVHIT 132
COVHIT 133
COVHIT 125
COVHIT 417
COVHIT 19
COVHIT 33
COVHIT 20
COVHIT 22
COVHIT 21
COVHIT 62
COVHIT 59
COVHIT 69
COVHIT 61
COVHIT 60
COVHIT 64
COVHIT 418
COVHIT 31
COVHIT 419
COVHIT 206
COVHIT 376
COVHIT 273
COVHIT 6
COVHIT 194
------------------------------------------------------------------------------
Executing test testWorkoutSummaryHandlesAZeroSetSession...
COVHIT 291
COVHIT 292
COVHIT 378
PASS
COVHIT 2
COVHIT 0
COVHIT 1
COVHIT 4
COVHIT 205
COVHIT 34
COVHIT 52
COVHIT 35
COVHIT 50
COVHIT 46
COVHIT 36
COVHIT 37
COVHIT 44
COVHIT 374
COVHIT 116
COVHIT 375
COVHIT 132
COVHIT 133
COVHIT 125
COVHIT 417
COVHIT 19
COVHIT 33
COVHIT 20
COVHIT 22
COVHIT 21
COVHIT 62
COVHIT 59
COVHIT 69
COVHIT 61
COVHIT 60
COVHIT 64
COVHIT 418
COVHIT 31
COVHIT 419
COVHIT 206
COVHIT 376
COVHIT 273
COVHIT 6
COVHIT 194
------------------------------------------------------------------------------
Executing test testWorkoutSummaryFallbackTextRendersWithNoData...
COVHIT 403
COVHIT 411
COVHIT 121
COVHIT 406
COVHIT 355
COVHIT 312
COVHIT 311
COVHIT 291
COVHIT 293
COVHIT 292
COVHIT 378
COVHIT 303
COVHIT 304
COVHIT 298
COVHIT 354
COVHIT 409
COVHIT 86
COVHIT 410
COVHIT 87
COVHIT 300
COVHIT 389
COVHIT 361
COVHIT 67
PASS
COVHIT 2
COVHIT 0
COVHIT 1
COVHIT 4
COVHIT 205
COVHIT 34
COVHIT 52
COVHIT 35
COVHIT 50
COVHIT 46
COVHIT 36
COVHIT 37
COVHIT 44
COVHIT 374
COVHIT 116
COVHIT 375
COVHIT 132
COVHIT 133
COVHIT 125
COVHIT 417
COVHIT 19
COVHIT 33
COVHIT 20
COVHIT 22
COVHIT 21
COVHIT 62
COVHIT 59
COVHIT 69
COVHIT 61
COVHIT 60
COVHIT 64
COVHIT 418
COVHIT 31
COVHIT 419
COVHIT 206
COVHIT 376
COVHIT 273
COVHIT 6
COVHIT 194
------------------------------------------------------------------------------
Executing test testWorkoutSummaryDelegateRoutesPaging...
COVHIT 403
COVHIT 411
COVHIT 121
COVHIT 406
COVHIT 355
COVHIT 312
COVHIT 311
COVHIT 291
COVHIT 286
COVHIT 292
COVHIT 378
COVHIT 287
COVHIT 293
COVHIT 288
PASS
COVHIT 2
COVHIT 0
COVHIT 1
COVHIT 4
COVHIT 205
COVHIT 34
COVHIT 52
COVHIT 35
COVHIT 50
COVHIT 46
COVHIT 36
COVHIT 37
COVHIT 44
COVHIT 374
COVHIT 116
COVHIT 375
COVHIT 132
COVHIT 133
COVHIT 125
COVHIT 417
COVHIT 19
COVHIT 33
COVHIT 20
COVHIT 22
COVHIT 21
COVHIT 62
COVHIT 59
COVHIT 69
COVHIT 61
COVHIT 60
COVHIT 64
COVHIT 418
COVHIT 31
COVHIT 419
COVHIT 206
COVHIT 376
COVHIT 273
COVHIT 6
COVHIT 194
------------------------------------------------------------------------------
Executing test testWorkoutSessionSaveIsSafeWithoutASession...
COVHIT 408
COVHIT 399
PASS
COVHIT 2
COVHIT 0
COVHIT 1
COVHIT 4
COVHIT 205
COVHIT 34
COVHIT 52
COVHIT 35
COVHIT 50
COVHIT 46
COVHIT 36
COVHIT 37
COVHIT 44
COVHIT 374
COVHIT 116
COVHIT 375
COVHIT 132
COVHIT 133
COVHIT 125
COVHIT 417
COVHIT 19
COVHIT 33
COVHIT 20
COVHIT 22
COVHIT 21
COVHIT 62
COVHIT 59
COVHIT 69
COVHIT 61
COVHIT 60
COVHIT 64
COVHIT 418
COVHIT 31
COVHIT 419
COVHIT 206
COVHIT 376
COVHIT 273
COVHIT 6
COVHIT 194
------------------------------------------------------------------------------
Executing test testFitFieldsWritesAreSafeWithoutASession...
COVHIT 311
COVHIT 355
COVHIT 312
COVHIT 313
COVHIT 322
COVHIT 323
COVHIT 324
COVHIT 325
COVHIT 326
COVHIT 327
COVHIT 328
COVHIT 307
COVHIT 329
PASS
COVHIT 2
COVHIT 0
COVHIT 1
COVHIT 4
COVHIT 205
COVHIT 34
COVHIT 52
COVHIT 35
COVHIT 50
COVHIT 46
COVHIT 36
COVHIT 37
COVHIT 44
COVHIT 374
COVHIT 116
COVHIT 375
COVHIT 132
COVHIT 133
COVHIT 125
COVHIT 417
COVHIT 19
COVHIT 33
COVHIT 20
COVHIT 22
COVHIT 21
COVHIT 62
COVHIT 59
COVHIT 69
COVHIT 61
COVHIT 60
COVHIT 64
COVHIT 418
COVHIT 31
COVHIT 419
COVHIT 206
COVHIT 376
COVHIT 273
COVHIT 6
COVHIT 194
------------------------------------------------------------------------------
Executing test testFreeTrainingSelectCompletesWorkAndEntersRest...
COVHIT 331
COVHIT 330
COVHIT 332
PASS
COVHIT 2
COVHIT 0
COVHIT 1
COVHIT 4
COVHIT 205
COVHIT 34
COVHIT 52
COVHIT 35
COVHIT 50
COVHIT 46
COVHIT 36
COVHIT 37
COVHIT 44
COVHIT 374
COVHIT 116
COVHIT 375
COVHIT 132
COVHIT 133
COVHIT 125
COVHIT 417
COVHIT 19
COVHIT 33
COVHIT 20
COVHIT 22
COVHIT 21
COVHIT 62
COVHIT 59
COVHIT 69
COVHIT 61
COVHIT 60
COVHIT 64
COVHIT 418
COVHIT 31
COVHIT 419
COVHIT 206
COVHIT 376
COVHIT 273
COVHIT 6
COVHIT 194
------------------------------------------------------------------------------
Executing test testFreeTrainingSelectLeavesRestWithoutCompletingSet...
COVHIT 331
COVHIT 330
COVHIT 332
PASS
COVHIT 2
COVHIT 0
COVHIT 1
COVHIT 4
COVHIT 205
COVHIT 34
COVHIT 52
COVHIT 35
COVHIT 50
COVHIT 46
COVHIT 36
COVHIT 37
COVHIT 44
COVHIT 374
COVHIT 116
COVHIT 375
COVHIT 132
COVHIT 133
COVHIT 125
COVHIT 417
COVHIT 19
COVHIT 33
COVHIT 20
COVHIT 22
COVHIT 21
COVHIT 62
COVHIT 59
COVHIT 69
COVHIT 61
COVHIT 60
COVHIT 64
COVHIT 418
COVHIT 31
COVHIT 419
COVHIT 206
COVHIT 376
COVHIT 273
COVHIT 6
COVHIT 194
------------------------------------------------------------------------------
Executing test testPlanStartsInWorkSet1...
COVHIT 337
COVHIT 341
PASS
COVHIT 2
COVHIT 0
COVHIT 1
COVHIT 4
COVHIT 205
COVHIT 34
COVHIT 52
COVHIT 35
COVHIT 50
COVHIT 46
COVHIT 36
COVHIT 37
COVHIT 44
COVHIT 374
COVHIT 116
COVHIT 375
COVHIT 132
COVHIT 133
COVHIT 125
COVHIT 417
COVHIT 19
COVHIT 33
COVHIT 20
COVHIT 22
COVHIT 21
COVHIT 62
COVHIT 59
COVHIT 69
COVHIT 61
COVHIT 60
COVHIT 64
COVHIT 418
COVHIT 31
COVHIT 419
COVHIT 206
COVHIT 376
COVHIT 273
COVHIT 6
COVHIT 194
------------------------------------------------------------------------------
Executing test testWorkCountsDown...
COVHIT 337
COVHIT 341
PASS
COVHIT 2
COVHIT 0
COVHIT 1
COVHIT 4
COVHIT 205
COVHIT 34
COVHIT 52
COVHIT 35
COVHIT 50
COVHIT 46
COVHIT 36
COVHIT 37
COVHIT 44
COVHIT 374
COVHIT 116
COVHIT 375
COVHIT 132
COVHIT 133
COVHIT 125
COVHIT 417
COVHIT 19
COVHIT 33
COVHIT 20
COVHIT 22
COVHIT 21
COVHIT 62
COVHIT 59
COVHIT 69
COVHIT 61
COVHIT 60
COVHIT 64
COVHIT 418
COVHIT 31
COVHIT 419
COVHIT 206
COVHIT 376
COVHIT 273
COVHIT 6
COVHIT 194
------------------------------------------------------------------------------
Executing test testRestBeginsWhenWorkEnds...
COVHIT 337
COVHIT 341
PASS
COVHIT 2
COVHIT 0
COVHIT 1
COVHIT 4
COVHIT 205
COVHIT 34
COVHIT 52
COVHIT 35
COVHIT 50
COVHIT 46
COVHIT 36
COVHIT 37
COVHIT 44
COVHIT 374
COVHIT 116
COVHIT 375
COVHIT 132
COVHIT 133
COVHIT 125
COVHIT 417
COVHIT 19
COVHIT 33
COVHIT 20
COVHIT 22
COVHIT 21
COVHIT 62
COVHIT 59
COVHIT 69
COVHIT 61
COVHIT 60
COVHIT 64
COVHIT 418
COVHIT 31
COVHIT 419
COVHIT 206
COVHIT 376
COVHIT 273
COVHIT 6
COVHIT 194
------------------------------------------------------------------------------
Executing test testNextSetBeginsAfterRest...
COVHIT 337
COVHIT 341
PASS
COVHIT 2
COVHIT 0
COVHIT 1
COVHIT 4
COVHIT 205
COVHIT 34
COVHIT 52
COVHIT 35
COVHIT 50
COVHIT 46
COVHIT 36
COVHIT 37
COVHIT 44
COVHIT 374
COVHIT 116
COVHIT 375
COVHIT 132
COVHIT 133
COVHIT 125
COVHIT 417
COVHIT 19
COVHIT 33
COVHIT 20
COVHIT 22
COVHIT 21
COVHIT 62
COVHIT 59
COVHIT 69
COVHIT 61
COVHIT 60
COVHIT 64
COVHIT 418
COVHIT 31
COVHIT 419
COVHIT 206
COVHIT 376
COVHIT 273
COVHIT 6
COVHIT 194
------------------------------------------------------------------------------
Executing test testLastSetHasNoTrailingRest...
COVHIT 337
COVHIT 341
PASS
COVHIT 2
COVHIT 0
COVHIT 1
COVHIT 4
COVHIT 205
COVHIT 34
COVHIT 52
COVHIT 35
COVHIT 50
COVHIT 46
COVHIT 36
COVHIT 37
COVHIT 44
COVHIT 374
COVHIT 116
COVHIT 375
COVHIT 132
COVHIT 133
COVHIT 125
COVHIT 417
COVHIT 19
COVHIT 33
COVHIT 20
COVHIT 22
COVHIT 21
COVHIT 62
COVHIT 59
COVHIT 69
COVHIT 61
COVHIT 60
COVHIT 64
COVHIT 418
COVHIT 31
COVHIT 419
COVHIT 206
COVHIT 376
COVHIT 273
COVHIT 6
COVHIT 194
------------------------------------------------------------------------------
Executing test testDoneStaysDone...
COVHIT 337
COVHIT 341
PASS
COVHIT 2
COVHIT 0
COVHIT 1
COVHIT 4
COVHIT 205
COVHIT 34
COVHIT 52
COVHIT 35
COVHIT 50
COVHIT 46
COVHIT 36
COVHIT 37
COVHIT 44
COVHIT 374
COVHIT 116
COVHIT 375
COVHIT 132
COVHIT 133
COVHIT 125
COVHIT 417
COVHIT 19
COVHIT 33
COVHIT 20
COVHIT 22
COVHIT 21
COVHIT 62
COVHIT 59
COVHIT 69
COVHIT 61
COVHIT 60
COVHIT 64
COVHIT 418
COVHIT 31
COVHIT 419
COVHIT 206
COVHIT 376
COVHIT 273
COVHIT 6
COVHIT 194
------------------------------------------------------------------------------
Executing test testZeroRestPlanChainsSets...
COVHIT 337
COVHIT 341
PASS
COVHIT 2
COVHIT 0
COVHIT 1
COVHIT 4
COVHIT 205
COVHIT 34
COVHIT 52
COVHIT 35
COVHIT 50
COVHIT 46
COVHIT 36
COVHIT 37
COVHIT 44
COVHIT 374
COVHIT 116
COVHIT 375
COVHIT 132
COVHIT 133
COVHIT 125
COVHIT 417
COVHIT 19
COVHIT 33
COVHIT 20
COVHIT 22
COVHIT 21
COVHIT 62
COVHIT 59
COVHIT 69
COVHIT 61
COVHIT 60
COVHIT 64
COVHIT 418
COVHIT 31
COVHIT 419
COVHIT 206
COVHIT 376
COVHIT 273
COVHIT 6
COVHIT 194
------------------------------------------------------------------------------
Executing test testCompletedSetsDuringPlan...
COVHIT 337
COVHIT 342
COVHIT 341
PASS
COVHIT 2
COVHIT 0
COVHIT 1
COVHIT 4
COVHIT 205
COVHIT 34
COVHIT 52
COVHIT 35
COVHIT 50
COVHIT 46
COVHIT 36
COVHIT 37
COVHIT 44
COVHIT 374
COVHIT 116
COVHIT 375
COVHIT 132
COVHIT 133
COVHIT 125
COVHIT 417
COVHIT 19
COVHIT 33
COVHIT 20
COVHIT 22
COVHIT 21
COVHIT 62
COVHIT 59
COVHIT 69
COVHIT 61
COVHIT 60
COVHIT 64
COVHIT 418
COVHIT 31
COVHIT 419
COVHIT 206
COVHIT 376
COVHIT 273
COVHIT 6
COVHIT 194
------------------------------------------------------------------------------
Executing test testStartCountdownRoundsUpAndStopsAtDeadline...
COVHIT 333
PASS
COVHIT 2
COVHIT 0
COVHIT 1
COVHIT 4
COVHIT 205
COVHIT 34
COVHIT 52
COVHIT 35
COVHIT 50
COVHIT 46
COVHIT 36
COVHIT 37
COVHIT 44
COVHIT 374
COVHIT 116
COVHIT 375
COVHIT 132
COVHIT 133
COVHIT 125
COVHIT 417
COVHIT 19
COVHIT 33
COVHIT 20
COVHIT 22
COVHIT 21
COVHIT 62
COVHIT 59
COVHIT 69
COVHIT 61
COVHIT 60
COVHIT 64
COVHIT 418
COVHIT 31
COVHIT 419
COVHIT 206
COVHIT 376
COVHIT 273
COVHIT 6
COVHIT 194
------------------------------------------------------------------------------
Executing test testWorkToRestCountsSetAndStopsMetronome...
COVHIT 336
COVHIT 335
PASS
COVHIT 2
COVHIT 0
COVHIT 1
COVHIT 4
COVHIT 205
COVHIT 34
COVHIT 52
COVHIT 35
COVHIT 50
COVHIT 46
COVHIT 36
COVHIT 37
COVHIT 44
COVHIT 374
COVHIT 116
COVHIT 375
COVHIT 132
COVHIT 133
COVHIT 125
COVHIT 417
COVHIT 19
COVHIT 33
COVHIT 20
COVHIT 22
COVHIT 21
COVHIT 62
COVHIT 59
COVHIT 69
COVHIT 61
COVHIT 60
COVHIT 64
COVHIT 418
COVHIT 31
COVHIT 419
COVHIT 206
COVHIT 376
COVHIT 273
COVHIT 6
COVHIT 194
------------------------------------------------------------------------------
Executing test testAdvanceWarningFiresOnceWithinFiveSeconds...
COVHIT 334
PASS
COVHIT 2
COVHIT 0
COVHIT 1
COVHIT 4
COVHIT 205
COVHIT 34
COVHIT 52
COVHIT 35
COVHIT 50
COVHIT 46
COVHIT 36
COVHIT 37
COVHIT 44
COVHIT 374
COVHIT 116
COVHIT 375
COVHIT 132
COVHIT 133
COVHIT 125
COVHIT 417
COVHIT 19
COVHIT 33
COVHIT 20
COVHIT 22
COVHIT 21
COVHIT 62
COVHIT 59
COVHIT 69
COVHIT 61
COVHIT 60
COVHIT 64
COVHIT 418
COVHIT 31
COVHIT 419
COVHIT 206
COVHIT 376
COVHIT 273
COVHIT 6
COVHIT 194
------------------------------------------------------------------------------
Executing test testRestToWorkRestartsWithoutCountingSet...
COVHIT 336
COVHIT 335
PASS
COVHIT 2
COVHIT 0
COVHIT 1
COVHIT 4
COVHIT 205
COVHIT 34
COVHIT 52
COVHIT 35
COVHIT 50
COVHIT 46
COVHIT 36
COVHIT 37
COVHIT 44
COVHIT 374
COVHIT 116
COVHIT 375
COVHIT 132
COVHIT 133
COVHIT 125
COVHIT 417
COVHIT 19
COVHIT 33
COVHIT 20
COVHIT 22
COVHIT 21
COVHIT 62
COVHIT 59
COVHIT 69
COVHIT 61
COVHIT 60
COVHIT 64
COVHIT 418
COVHIT 31
COVHIT 419
COVHIT 206
COVHIT 376
COVHIT 273
COVHIT 6
COVHIT 194
------------------------------------------------------------------------------
Executing test testAdvanceWarningOnlyPrecedesAnotherWorkSet...
COVHIT 334
PASS
COVHIT 2
COVHIT 0
COVHIT 1
COVHIT 4
COVHIT 205
COVHIT 34
COVHIT 52
COVHIT 35
COVHIT 50
COVHIT 46
COVHIT 36
COVHIT 37
COVHIT 44
COVHIT 374
COVHIT 116
COVHIT 375
COVHIT 132
COVHIT 133
COVHIT 125
COVHIT 417
COVHIT 19
COVHIT 33
COVHIT 20
COVHIT 22
COVHIT 21
COVHIT 62
COVHIT 59
COVHIT 69
COVHIT 61
COVHIT 60
COVHIT 64
COVHIT 418
COVHIT 31
COVHIT 419
COVHIT 206
COVHIT 376
COVHIT 273
COVHIT 6
COVHIT 194
------------------------------------------------------------------------------
Executing test testZeroRestRolloverCountsSetAndKeepsWorking...
COVHIT 336
COVHIT 335
PASS
COVHIT 2
COVHIT 0
COVHIT 1
COVHIT 4
COVHIT 205
COVHIT 34
COVHIT 52
COVHIT 35
COVHIT 50
COVHIT 46
COVHIT 36
COVHIT 37
COVHIT 44
COVHIT 374
COVHIT 116
COVHIT 375
COVHIT 132
COVHIT 133
COVHIT 125
COVHIT 417
COVHIT 19
COVHIT 33
COVHIT 20
COVHIT 22
COVHIT 21
COVHIT 62
COVHIT 59
COVHIT 69
COVHIT 61
COVHIT 60
COVHIT 64
COVHIT 418
COVHIT 31
COVHIT 419
COVHIT 206
COVHIT 376
COVHIT 273
COVHIT 6
COVHIT 194
------------------------------------------------------------------------------
Executing test testCompletionCountsFinalSetAndPauses...
COVHIT 336
COVHIT 335
PASS
COVHIT 2
COVHIT 0
COVHIT 1
COVHIT 4
COVHIT 205
COVHIT 34
COVHIT 52
COVHIT 35
COVHIT 50
COVHIT 46
COVHIT 36
COVHIT 37
COVHIT 44
COVHIT 374
COVHIT 116
COVHIT 375
COVHIT 132
COVHIT 133
COVHIT 125
COVHIT 417
COVHIT 19
COVHIT 33
COVHIT 20
COVHIT 22
COVHIT 21
COVHIT 62
COVHIT 59
COVHIT 69
COVHIT 61
COVHIT 60
COVHIT 64
COVHIT 418
COVHIT 31
COVHIT 419
COVHIT 206
COVHIT 376
COVHIT 273
COVHIT 6
COVHIT 194
------------------------------------------------------------------------------
Executing test testSkippedRefreshCountsEveryCompletedSet...
COVHIT 336
COVHIT 335
PASS
COVHIT 2
COVHIT 0
COVHIT 1
COVHIT 4
COVHIT 205
COVHIT 34
COVHIT 52
COVHIT 35
COVHIT 50
COVHIT 46
COVHIT 36
COVHIT 37
COVHIT 44
COVHIT 374
COVHIT 116
COVHIT 375
COVHIT 132
COVHIT 133
COVHIT 125
COVHIT 417
COVHIT 19
COVHIT 33
COVHIT 20
COVHIT 22
COVHIT 21
COVHIT 62
COVHIT 59
COVHIT 69
COVHIT 61
COVHIT 60
COVHIT 64
COVHIT 418
COVHIT 31
COVHIT 419
COVHIT 206
COVHIT 376
COVHIT 273
COVHIT 6
COVHIT 194
------------------------------------------------------------------------------
Executing test testCustomPresetIsLastAndWellFormed...
COVHIT 343
COVHIT 344
COVHIT 346
COVHIT 347
COVHIT 345
COVHIT 348
PASS
COVHIT 2
COVHIT 0
COVHIT 1
COVHIT 4
COVHIT 205
COVHIT 34
COVHIT 52
COVHIT 35
COVHIT 50
COVHIT 46
COVHIT 36
COVHIT 37
COVHIT 44
COVHIT 374
COVHIT 116
COVHIT 375
COVHIT 132
COVHIT 133
COVHIT 125
COVHIT 417
COVHIT 19
COVHIT 33
COVHIT 20
COVHIT 22
COVHIT 21
COVHIT 62
COVHIT 59
COVHIT 69
COVHIT 61
COVHIT 60
COVHIT 64
COVHIT 418
COVHIT 31
COVHIT 419
COVHIT 206
COVHIT 376
COVHIT 273
COVHIT 6
COVHIT 194
------------------------------------------------------------------------------
Executing test testChallengePresetsAreSingleRestlessIntervals...
PASS
COVHIT 2
COVHIT 0
COVHIT 1
COVHIT 4
COVHIT 205
COVHIT 34
COVHIT 52
COVHIT 35
COVHIT 50
COVHIT 46
COVHIT 36
COVHIT 37
COVHIT 44
COVHIT 374
COVHIT 116
COVHIT 375
COVHIT 132
COVHIT 133
COVHIT 125
COVHIT 417
COVHIT 19
COVHIT 33
COVHIT 20
COVHIT 22
COVHIT 21
COVHIT 62
COVHIT 59
COVHIT 69
COVHIT 61
COVHIT 60
COVHIT 64
COVHIT 418
COVHIT 31
COVHIT 419
COVHIT 206
COVHIT 376
COVHIT 273
COVHIT 6
COVHIT 194
------------------------------------------------------------------------------
Executing test testPlanExposesItsConfiguredShape...
COVHIT 337
COVHIT 338
COVHIT 339
COVHIT 340
PASS
COVHIT 2
COVHIT 0
COVHIT 1
COVHIT 4
COVHIT 205
COVHIT 34
COVHIT 52
COVHIT 35
COVHIT 50
COVHIT 46
COVHIT 36
COVHIT 37
COVHIT 44
COVHIT 374
COVHIT 116
COVHIT 375
COVHIT 132
COVHIT 133
COVHIT 125
COVHIT 417
COVHIT 19
COVHIT 33
COVHIT 20
COVHIT 22
COVHIT 21
COVHIT 62
COVHIT 59
COVHIT 69
COVHIT 61
COVHIT 60
COVHIT 64
COVHIT 418
COVHIT 31
COVHIT 419
COVHIT 206
COVHIT 376
COVHIT 273
COVHIT 6
COVHIT 194
------------------------------------------------------------------------------
Executing test testZeroRestPlanRunsWorkThenFinishes...
COVHIT 337
COVHIT 341
COVHIT 342
PASS
COVHIT 2
COVHIT 0
COVHIT 1
COVHIT 4
COVHIT 205
COVHIT 34
COVHIT 52
COVHIT 35
COVHIT 50
COVHIT 46
COVHIT 36
COVHIT 37
COVHIT 44
COVHIT 374
COVHIT 116
COVHIT 375
COVHIT 132
COVHIT 133
COVHIT 125
COVHIT 417
COVHIT 19
COVHIT 33
COVHIT 20
COVHIT 22
COVHIT 21
COVHIT 62
COVHIT 59
COVHIT 69
COVHIT 61
COVHIT 60
COVHIT 64
COVHIT 418
COVHIT 31
COVHIT 419
COVHIT 206
COVHIT 376
COVHIT 273
COVHIT 6
COVHIT 194
------------------------------------------------------------------------------
Executing test testCustomPresetDefaults...
PASS
COVHIT 2
COVHIT 0
COVHIT 1
COVHIT 4
COVHIT 205
COVHIT 34
COVHIT 52
COVHIT 35
COVHIT 50
COVHIT 46
COVHIT 36
COVHIT 37
COVHIT 44
COVHIT 374
COVHIT 116
COVHIT 375
COVHIT 132
COVHIT 133
COVHIT 125
COVHIT 417
COVHIT 19
COVHIT 33
COVHIT 20
COVHIT 22
COVHIT 21
COVHIT 62
COVHIT 59
COVHIT 69
COVHIT 61
COVHIT 60
COVHIT 64
COVHIT 418
COVHIT 31
COVHIT 419
COVHIT 206
COVHIT 376
COVHIT 273
COVHIT 6
COVHIT 194
------------------------------------------------------------------------------
Executing test testCustomClampKeepsValuesSane...
COVHIT 347
PASS
COVHIT 2
COVHIT 0
COVHIT 1
COVHIT 4
COVHIT 205
COVHIT 34
COVHIT 52
COVHIT 35
COVHIT 50
COVHIT 46
COVHIT 36
COVHIT 37
COVHIT 44
COVHIT 374
COVHIT 116
COVHIT 375
COVHIT 132
COVHIT 133
COVHIT 125
COVHIT 417
COVHIT 19
COVHIT 33
COVHIT 20
COVHIT 22
COVHIT 21
COVHIT 62
COVHIT 59
COVHIT 69
COVHIT 61
COVHIT 60
COVHIT 64
COVHIT 418
COVHIT 31
COVHIT 419
COVHIT 206
COVHIT 376
COVHIT 273
COVHIT 6
COVHIT 194
------------------------------------------------------------------------------
Executing test testBuiltInPresetsCarryLoopPatterns...
COVHIT 344
PASS
COVHIT 2
COVHIT 0
COVHIT 1
COVHIT 4
COVHIT 205
COVHIT 34
COVHIT 52
COVHIT 35
COVHIT 50
COVHIT 46
COVHIT 36
COVHIT 37
COVHIT 44
COVHIT 374
COVHIT 116
COVHIT 375
COVHIT 132
COVHIT 133
COVHIT 125
COVHIT 417
COVHIT 19
COVHIT 33
COVHIT 20
COVHIT 22
COVHIT 21
COVHIT 62
COVHIT 59
COVHIT 69
COVHIT 61
COVHIT 60
COVHIT 64
COVHIT 418
COVHIT 31
COVHIT 419
COVHIT 206
COVHIT 376
COVHIT 273
COVHIT 6
COVHIT 194
------------------------------------------------------------------------------
Executing test testCustomPresetCarriesPhonePattern...
COVHIT 343
COVHIT 344
COVHIT 346
COVHIT 347
COVHIT 345
COVHIT 348
PASS
COVHIT 2
COVHIT 0
COVHIT 1
COVHIT 4
COVHIT 205
COVHIT 34
COVHIT 52
COVHIT 35
COVHIT 50
COVHIT 46
COVHIT 36
COVHIT 37
COVHIT 44
COVHIT 374
COVHIT 116
COVHIT 375
COVHIT 132
COVHIT 133
COVHIT 125
COVHIT 417
COVHIT 19
COVHIT 33
COVHIT 20
COVHIT 22
COVHIT 21
COVHIT 62
COVHIT 59
COVHIT 69
COVHIT 61
COVHIT 60
COVHIT 64
COVHIT 418
COVHIT 31
COVHIT 419
COVHIT 206
COVHIT 376
COVHIT 273
COVHIT 6
COVHIT 194
------------------------------------------------------------------------------
Executing test testPresetsAreWellFormed...
PASS
COVHIT 2
COVHIT 0
COVHIT 1
COVHIT 4
COVHIT 205
COVHIT 34
COVHIT 52
COVHIT 35
COVHIT 50
COVHIT 46
COVHIT 36
COVHIT 37
COVHIT 44
COVHIT 374
COVHIT 116
COVHIT 375
COVHIT 132
COVHIT 133
COVHIT 125
COVHIT 417
COVHIT 19
COVHIT 33
COVHIT 20
COVHIT 22
COVHIT 21
COVHIT 62
COVHIT 59
COVHIT 69
COVHIT 61
COVHIT 60
COVHIT 64
COVHIT 418
COVHIT 31
COVHIT 419
COVHIT 206
COVHIT 376
COVHIT 273
COVHIT 6
COVHIT 194
------------------------------------------------------------------------------
Executing test testWorkBlockKeepsDomainContext...
COVHIT 355
COVHIT 359
COVHIT 356
COVHIT 357
COVHIT 358
COVHIT 360
COVHIT 361
COVHIT 362
COVHIT 363
COVHIT 364
COVHIT 365
COVHIT 366
COVHIT 367
COVHIT 370
COVHIT 371
COVHIT 372
COVHIT 373
COVHIT 75
COVHIT 368
COVHIT 369
PASS
COVHIT 2
COVHIT 0
COVHIT 1
COVHIT 4
COVHIT 205
COVHIT 34
COVHIT 52
COVHIT 35
COVHIT 50
COVHIT 46
COVHIT 36
COVHIT 37
COVHIT 44
COVHIT 374
COVHIT 116
COVHIT 375
COVHIT 132
COVHIT 133
COVHIT 125
COVHIT 417
COVHIT 19
COVHIT 33
COVHIT 20
COVHIT 22
COVHIT 21
COVHIT 62
COVHIT 59
COVHIT 69
COVHIT 61
COVHIT 60
COVHIT 64
COVHIT 418
COVHIT 31
COVHIT 419
COVHIT 206
COVHIT 376
COVHIT 273
COVHIT 6
COVHIT 194
------------------------------------------------------------------------------
Executing test testMovementLabelsCoverSupportedVocabulary...
COVHIT 65
COVHIT 68
PASS
COVHIT 2
COVHIT 0
COVHIT 1
COVHIT 4
COVHIT 205
COVHIT 34
COVHIT 52
COVHIT 35
COVHIT 50
COVHIT 46
COVHIT 36
COVHIT 37
COVHIT 44
COVHIT 374
COVHIT 116
COVHIT 375
COVHIT 132
COVHIT 133
COVHIT 125
COVHIT 417
COVHIT 19
COVHIT 33
COVHIT 20
COVHIT 22
COVHIT 21
COVHIT 62
COVHIT 59
COVHIT 69
COVHIT 61
COVHIT 60
COVHIT 64
COVHIT 418
COVHIT 31
COVHIT 419
COVHIT 206
COVHIT 376
COVHIT 273
COVHIT 6
COVHIT 194
------------------------------------------------------------------------------
Executing test testWorkoutSessionStartsIdle...
COVHIT 377
COVHIT 378
PASS
COVHIT 2
COVHIT 0
COVHIT 1
COVHIT 4
COVHIT 205
COVHIT 34
COVHIT 52
COVHIT 35
COVHIT 50
COVHIT 46
COVHIT 36
COVHIT 37
COVHIT 44
COVHIT 374
COVHIT 116
COVHIT 375
COVHIT 132
COVHIT 133
COVHIT 125
COVHIT 417
COVHIT 19
COVHIT 33
COVHIT 20
COVHIT 22
COVHIT 21
COVHIT 62
COVHIT 59
COVHIT 69
COVHIT 61
COVHIT 60
COVHIT 64
COVHIT 418
COVHIT 31
COVHIT 419
COVHIT 206
COVHIT 376
COVHIT 273
COVHIT 6
COVHIT 194
------------------------------------------------------------------------------
Executing test testAddSetCounts...
COVHIT 402
COVHIT 403
COVHIT 411
COVHIT 121
COVHIT 406
COVHIT 355
COVHIT 312
COVHIT 311
COVHIT 378
PASS
COVHIT 2
COVHIT 0
COVHIT 1
COVHIT 4
COVHIT 205
COVHIT 34
COVHIT 52
COVHIT 35
COVHIT 50
COVHIT 46
COVHIT 36
COVHIT 37
COVHIT 44
COVHIT 374
COVHIT 116
COVHIT 375
COVHIT 132
COVHIT 133
COVHIT 125
COVHIT 417
COVHIT 19
COVHIT 33
COVHIT 20
COVHIT 22
COVHIT 21
COVHIT 62
COVHIT 59
COVHIT 69
COVHIT 61
COVHIT 60
COVHIT 64
COVHIT 418
COVHIT 31
COVHIT 419
COVHIT 206
COVHIT 376
COVHIT 273
COVHIT 6
COVHIT 194
------------------------------------------------------------------------------
Executing test testSetSummaryTracksWorkAndRestDurations...
COVHIT 403
COVHIT 411
COVHIT 121
COVHIT 406
COVHIT 355
COVHIT 312
COVHIT 311
COVHIT 405
COVHIT 359
COVHIT 379
COVHIT 383
COVHIT 357
COVHIT 380
COVHIT 358
COVHIT 381
COVHIT 382
PASS
COVHIT 2
COVHIT 0
COVHIT 1
COVHIT 4
COVHIT 205
COVHIT 34
COVHIT 52
COVHIT 35
COVHIT 50
COVHIT 46
COVHIT 36
COVHIT 37
COVHIT 44
COVHIT 374
COVHIT 116
COVHIT 375
COVHIT 132
COVHIT 133
COVHIT 125
COVHIT 417
COVHIT 19
COVHIT 33
COVHIT 20
COVHIT 22
COVHIT 21
COVHIT 62
COVHIT 59
COVHIT 69
COVHIT 61
COVHIT 60
COVHIT 64
COVHIT 418
COVHIT 31
COVHIT 419
COVHIT 206
COVHIT 376
COVHIT 273
COVHIT 6
COVHIT 194
------------------------------------------------------------------------------
Executing test testZeroRestDoesNotEraseCompletedRest...
COVHIT 403
COVHIT 411
COVHIT 121
COVHIT 406
COVHIT 355
COVHIT 312
COVHIT 311
COVHIT 405
COVHIT 359
COVHIT 404
COVHIT 380
COVHIT 383
COVHIT 358
COVHIT 382
PASS
COVHIT 2
COVHIT 0
COVHIT 1
COVHIT 4
COVHIT 205
COVHIT 34
COVHIT 52
COVHIT 35
COVHIT 50
COVHIT 46
COVHIT 36
COVHIT 37
COVHIT 44
COVHIT 374
COVHIT 116
COVHIT 375
COVHIT 132
COVHIT 133
COVHIT 125
COVHIT 417
COVHIT 19
COVHIT 33
COVHIT 20
COVHIT 22
COVHIT 21
COVHIT 62
COVHIT 59
COVHIT 69
COVHIT 61
COVHIT 60
COVHIT 64
COVHIT 418
COVHIT 31
COVHIT 419
COVHIT 206
COVHIT 376
COVHIT 273
COVHIT 6
COVHIT 194
------------------------------------------------------------------------------
Executing test testEquipmentSelectionPreparesChosenSessionProfile...
COVHIT 384
COVHIT 391
COVHIT 392
COVHIT 393
PASS
COVHIT 2
COVHIT 0
COVHIT 1
COVHIT 4
COVHIT 205
COVHIT 34
COVHIT 52
COVHIT 35
COVHIT 50
COVHIT 46
COVHIT 36
COVHIT 37
COVHIT 44
COVHIT 374
COVHIT 116
COVHIT 375
COVHIT 132
COVHIT 133
COVHIT 125
COVHIT 417
COVHIT 19
COVHIT 33
COVHIT 20
COVHIT 22
COVHIT 21
COVHIT 62
COVHIT 59
COVHIT 69
COVHIT 61
COVHIT 60
COVHIT 64
COVHIT 418
COVHIT 31
COVHIT 419
COVHIT 206
COVHIT 376
COVHIT 273
COVHIT 6
COVHIT 194
------------------------------------------------------------------------------
Executing test testMovementSelectionResolvesAgainstEquipment...
COVHIT 384
COVHIT 385
COVHIT 386
PASS
COVHIT 2
COVHIT 0
COVHIT 1
COVHIT 4
COVHIT 205
COVHIT 34
COVHIT 52
COVHIT 35
COVHIT 50
COVHIT 46
COVHIT 36
COVHIT 37
COVHIT 44
COVHIT 374
COVHIT 116
COVHIT 375
COVHIT 132
COVHIT 133
COVHIT 125
COVHIT 417
COVHIT 19
COVHIT 33
COVHIT 20
COVHIT 22
COVHIT 21
COVHIT 62
COVHIT 59
COVHIT 69
COVHIT 61
COVHIT 60
COVHIT 64
COVHIT 418
COVHIT 31
COVHIT 419
COVHIT 206
COVHIT 376
COVHIT 273
COVHIT 6
COVHIT 194
------------------------------------------------------------------------------
Executing test testWorkBlocksRecordTheMovementActiveAtCompletion...
COVHIT 384
COVHIT 385
COVHIT 403
COVHIT 411
COVHIT 121
COVHIT 406
COVHIT 355
COVHIT 312
COVHIT 311
COVHIT 383
COVHIT 360
PASS
COVHIT 2
COVHIT 0
COVHIT 1
COVHIT 4
COVHIT 205
COVHIT 34
COVHIT 52
COVHIT 35
COVHIT 50
COVHIT 46
COVHIT 36
COVHIT 37
COVHIT 44
COVHIT 374
COVHIT 116
COVHIT 375
COVHIT 132
COVHIT 133
COVHIT 125
COVHIT 417
COVHIT 19
COVHIT 33
COVHIT 20
COVHIT 22
COVHIT 21
COVHIT 62
COVHIT 59
COVHIT 69
COVHIT 61
COVHIT 60
COVHIT 64
COVHIT 418
COVHIT 31
COVHIT 419
COVHIT 206
COVHIT 376
COVHIT 273
COVHIT 6
COVHIT 194
------------------------------------------------------------------------------
Executing test testSideSetCountsFollowTheSideAtCompletion...
COVHIT 387
COVHIT 403
COVHIT 411
COVHIT 121
COVHIT 406
COVHIT 355
COVHIT 312
COVHIT 311
COVHIT 389
COVHIT 361
PASS
COVHIT 2
COVHIT 0
COVHIT 1
COVHIT 4
COVHIT 205
COVHIT 34
COVHIT 52
COVHIT 35
COVHIT 50
COVHIT 46
COVHIT 36
COVHIT 37
COVHIT 44
COVHIT 374
COVHIT 116
COVHIT 375
COVHIT 132
COVHIT 133
COVHIT 125
COVHIT 417
COVHIT 19
COVHIT 33
COVHIT 20
COVHIT 22
COVHIT 21
COVHIT 62
COVHIT 59
COVHIT 69
COVHIT 61
COVHIT 60
COVHIT 64
COVHIT 418
COVHIT 31
COVHIT 419
COVHIT 206
COVHIT 376
COVHIT 273
COVHIT 6
COVHIT 194
------------------------------------------------------------------------------
Executing test testComboForcesAlternatingSide...
COVHIT 384
COVHIT 387
COVHIT 385
COVHIT 386
COVHIT 388
PASS
COVHIT 2
COVHIT 0
COVHIT 1
COVHIT 4
COVHIT 205
COVHIT 34
COVHIT 52
COVHIT 35
COVHIT 50
COVHIT 46
COVHIT 36
COVHIT 37
COVHIT 44
COVHIT 374
COVHIT 116
COVHIT 375
COVHIT 132
COVHIT 133
COVHIT 125
COVHIT 417
COVHIT 19
COVHIT 33
COVHIT 20
COVHIT 22
COVHIT 21
COVHIT 62
COVHIT 59
COVHIT 69
COVHIT 61
COVHIT 60
COVHIT 64
COVHIT 418
COVHIT 31
COVHIT 419
COVHIT 206
COVHIT 376
COVHIT 273
COVHIT 6
COVHIT 194
------------------------------------------------------------------------------
Executing test testSelectWorkingSideRejectsUnknownValues...
COVHIT 387
COVHIT 388
PASS
COVHIT 2
COVHIT 0
COVHIT 1
COVHIT 4
COVHIT 205
COVHIT 34
COVHIT 52
COVHIT 35
COVHIT 50
COVHIT 46
COVHIT 36
COVHIT 37
COVHIT 44
COVHIT 374
COVHIT 116
COVHIT 375
COVHIT 132
COVHIT 133
COVHIT 125
COVHIT 417
COVHIT 19
COVHIT 33
COVHIT 20
COVHIT 22
COVHIT 21
COVHIT 62
COVHIT 59
COVHIT 69
COVHIT 61
COVHIT 60
COVHIT 64
COVHIT 418
COVHIT 31
COVHIT 419
COVHIT 206
COVHIT 376
COVHIT 273
COVHIT 6
COVHIT 194
------------------------------------------------------------------------------
Executing test testEquipmentLabelFollowsSelection...
COVHIT 384
COVHIT 390
COVHIT 29
COVHIT 24
COVHIT 26
COVHIT 25
COVHIT 23
PASS
COVHIT 2
COVHIT 0
COVHIT 1
COVHIT 4
COVHIT 205
COVHIT 34
COVHIT 52
COVHIT 35
COVHIT 50
COVHIT 46
COVHIT 36
COVHIT 37
COVHIT 44
COVHIT 374
COVHIT 116
COVHIT 375
COVHIT 132
COVHIT 133
COVHIT 125
COVHIT 417
COVHIT 19
COVHIT 33
COVHIT 20
COVHIT 22
COVHIT 21
COVHIT 62
COVHIT 59
COVHIT 69
COVHIT 61
COVHIT 60
COVHIT 64
COVHIT 418
COVHIT 31
COVHIT 419
COVHIT 206
COVHIT 376
COVHIT 273
COVHIT 6
COVHIT 194
------------------------------------------------------------------------------
Executing test testSmoothnessQueriesAreSafeWithoutData...
COVHIT 384
COVHIT 385
COVHIT 409
COVHIT 86
COVHIT 410
COVHIT 87
COVHIT 412
COVHIT 122
COVHIT 121
COVHIT 413
COVHIT 123
COVHIT 414
COVHIT 415
COVHIT 416
PASS
COVHIT 2
COVHIT 0
COVHIT 1
COVHIT 4
COVHIT 205
COVHIT 34
COVHIT 52
COVHIT 35
COVHIT 50
COVHIT 46
COVHIT 36
COVHIT 37
COVHIT 44
COVHIT 374
COVHIT 116
COVHIT 375
COVHIT 132
COVHIT 133
COVHIT 125
COVHIT 417
COVHIT 19
COVHIT 33
COVHIT 20
COVHIT 22
COVHIT 21
COVHIT 62
COVHIT 59
COVHIT 69
COVHIT 61
COVHIT 60
COVHIT 64
COVHIT 418
COVHIT 31
COVHIT 419
COVHIT 206
COVHIT 376
COVHIT 273
COVHIT 6
COVHIT 194
------------------------------------------------------------------------------
Executing test testForceSwingCountingWaitsForALiveSession...
COVHIT 422
COVHIT 423
COVHIT 424
COVHIT 128
PASS
COVHIT 2
COVHIT 0
COVHIT 1
COVHIT 4
COVHIT 205
COVHIT 34
COVHIT 52
COVHIT 35
COVHIT 50
COVHIT 46
COVHIT 36
COVHIT 37
COVHIT 44
COVHIT 374
COVHIT 116
COVHIT 375
COVHIT 132
COVHIT 133
COVHIT 125
COVHIT 417
COVHIT 19
COVHIT 33
COVHIT 20
COVHIT 22
COVHIT 21
COVHIT 62
COVHIT 59
COVHIT 69
COVHIT 61
COVHIT 60
COVHIT 64
COVHIT 418
COVHIT 31
COVHIT 419
COVHIT 206
COVHIT 376
COVHIT 273
COVHIT 6
COVHIT 194
------------------------------------------------------------------------------
Executing test testBlocksWithoutSwingCounterCarryNoCount...
COVHIT 403
COVHIT 411
COVHIT 121
COVHIT 406
COVHIT 355
COVHIT 312
COVHIT 311
COVHIT 423
COVHIT 424
COVHIT 128
COVHIT 383
COVHIT 367
PASS
COVHIT 2
COVHIT 0
COVHIT 1
COVHIT 4
COVHIT 205
COVHIT 34
COVHIT 52
COVHIT 35
COVHIT 50
COVHIT 46
COVHIT 36
COVHIT 37
COVHIT 44
COVHIT 374
COVHIT 116
COVHIT 375
COVHIT 132
COVHIT 133
COVHIT 125
COVHIT 417
COVHIT 19
COVHIT 33
COVHIT 20
COVHIT 22
COVHIT 21
COVHIT 62
COVHIT 59
COVHIT 69
COVHIT 61
COVHIT 60
COVHIT 64
COVHIT 418
COVHIT 31
COVHIT 419
COVHIT 206
COVHIT 376
COVHIT 273
COVHIT 6
COVHIT 194
------------------------------------------------------------------------------
Executing test testStartWithDebugLoggingDoesNotThrow...
COVHIT 396
COVHIT 390
COVHIT 29
COVHIT 24
COVHIT 26
COVHIT 25
COVHIT 23
COVHIT 394
COVHIT 395
COVHIT 305
COVHIT 428
COVHIT 381
COVHIT 382
COVHIT 326
COVHIT 397
COVHIT 308
COVHIT 310
COVHIT 309
COVHIT 407
PASS
COVHIT 2
COVHIT 0
COVHIT 1
COVHIT 4
COVHIT 205
COVHIT 34
COVHIT 52
COVHIT 35
COVHIT 50
COVHIT 46
COVHIT 36
COVHIT 37
COVHIT 44
COVHIT 374
COVHIT 116
COVHIT 375
COVHIT 132
COVHIT 133
COVHIT 125
COVHIT 417
COVHIT 19
COVHIT 33
COVHIT 20
COVHIT 22
COVHIT 21
COVHIT 62
COVHIT 59
COVHIT 69
COVHIT 61
COVHIT 60
COVHIT 64
COVHIT 418
COVHIT 31
COVHIT 419
COVHIT 206
COVHIT 376
COVHIT 273
COVHIT 6
COVHIT 194
------------------------------------------------------------------------------
Executing test testDiscardResetsSessionForAnotherWorkout...
COVHIT 407
COVHIT 402
COVHIT 403
COVHIT 411
COVHIT 121
COVHIT 406
COVHIT 355
COVHIT 312
COVHIT 311
COVHIT 431
COVHIT 399
COVHIT 329
COVHIT 378
COVHIT 409
COVHIT 86
PASS
COVHIT 2
COVHIT 0
COVHIT 1
COVHIT 4
COVHIT 205
COVHIT 34
COVHIT 52
COVHIT 35
COVHIT 50
COVHIT 46
COVHIT 36
COVHIT 37
COVHIT 44
COVHIT 374
COVHIT 116
COVHIT 375
COVHIT 132
COVHIT 133
COVHIT 125
COVHIT 417
COVHIT 19
COVHIT 33
COVHIT 20
COVHIT 22
COVHIT 21
COVHIT 62
COVHIT 59
COVHIT 69
COVHIT 61
COVHIT 60
COVHIT 64
COVHIT 418
COVHIT 31
COVHIT 419
COVHIT 206
COVHIT 376
COVHIT 273
COVHIT 6
COVHIT 194
------------------------------------------------------------------------------
Executing test testBatteryDeltaMeasuresDrain...
COVHIT 430
PASS
COVHIT 2
COVHIT 0
COVHIT 1
COVHIT 4
COVHIT 205
COVHIT 34
COVHIT 52
COVHIT 35
COVHIT 50
COVHIT 46
COVHIT 36
COVHIT 37
COVHIT 44
COVHIT 374
COVHIT 116
COVHIT 375
COVHIT 132
COVHIT 133
COVHIT 125
COVHIT 417
COVHIT 19
COVHIT 33
COVHIT 20
COVHIT 22
COVHIT 21
COVHIT 62
COVHIT 59
COVHIT 69
COVHIT 61
COVHIT 60
COVHIT 64
COVHIT 418
COVHIT 31
COVHIT 419
COVHIT 206
COVHIT 376
COVHIT 273
COVHIT 6
COVHIT 194
------------------------------------------------------------------------------
Executing test testBatteryDeltaFloorsSolarGains...
COVHIT 430
PASS
COVHIT 2
==============================================================================
RESULTS
Test:                                                   Status:
testPausedUpNavigatesHome                               PASS
testActiveAndIdleUpKeepExistingActions                  PASS
testSanity                                              PASS
testTrainingModeNormalizesAndLabels                     PASS
testRepTargetCycleAndCrossing                           PASS
testComboDefaultsToFourFourTwo                          PASS
testComboStepFollowsTheBeat                             PASS
testComboHandsAlternateEveryCycle                       PASS
testComboStatusLabelsAreGlanceable                      PASS
testEquipmentLabels                                     PASS
testBulavaIsASingleImplementWithItsOwnWeight            PASS
testEquipmentHistoryKeysSeparateProfiles                PASS
testEquipmentConvenienceWrappersMatchTheirExplicitForms PASS
testEquipmentWeightConversionUsesCanonicalGrams         PASS
testDefaultBpmIs50                                      PASS
testBpmClampsToMinimum                                  PASS
testBpmClampsToMaximum                                  PASS
testAdjustBpmMovesInSteps                               PASS
testAdjustBpmDoesNotCrossLimits                         PASS
testBeatFeedbackDefaultsToVibrationOnly                 PASS
testVibeStrengthDefaultsTo50                            PASS
testVibeStrengthClampsToPerceptibleFloor                PASS
testRoundsDeriveFromBeats                               PASS
testResetBeatCountClearsRounds                          PASS
testRoundStartMarksDownbeats                            PASS
testRoundCueModeIsDefaultAndPulsesOnLoops               PASS
testEveryBeatCueModeCuesAll                             PASS
testCycleTopCueModeCuesOncePerPattern                   PASS
testCycleTopMatchesLoopStartsForSingleLoop              PASS
testCueModeClampsToKnownRange                           PASS
testMixedPatternCountsRounds                            PASS
testMixedPatternRoundStarts                             PASS
testMixedPatternRoundCues                               PASS
testApplyPatternSingleLoopWhenBIsZero                   PASS
testApplyPatternVaryingWhenBIsPositive                  PASS
testComboSequenceAccentsAndHandSwitch                   PASS
testCycleTopEmphasisLeavesTheCueScheduleUnchanged       PASS
testBeatCountIsExposedForComboDisplay                   PASS
testMetronomeStartsAndStops                             PASS
testMovementOptionsPerEquipment                         PASS
testBulavaMovementLabelsAndFallback                     PASS
testMovementResolveKeepsValidChoices                    PASS
testMovementResolveFallsBackAcrossEquipment             PASS
testSideShortLabelsAreCompact                           PASS
testBalanceLabelShowsOnlyForSingleSideSets              PASS
testMovementNextCyclesWithinEquipment                   PASS
testLoadExposureAccumulatesOnlyActiveWindows            PASS
testLoadExposureIncludesThresholdAndCanRaisePeak        PASS
testWeightVolumeAccountsForImplementQuantity            PASS
testLoadExposureCompactLabels                           PASS
testMotionFeaturesOfStillWrist                          PASS
testMotionFeaturesOfSwing                               PASS
testMotionFeaturesRejectBadBuffers                      PASS
testGyroFeaturesOfAHold                                 PASS
testGyroFeaturesOfASwing                                PASS
testGyroFeaturesRejectBadBuffers                        PASS
testRawMagnitudesPreservesEverySample                   PASS
testRawMagnitudesRejectBadBuffers                       PASS
testDecimatedAxisValuesKeepsEveryStrideSample           PASS
testDecimatedAxisValuesRejectsEmptyOrBadStride          PASS
testRecordedFixtureRecBMaceReplay                       PASS
testRecordedFixtureRecCMaceReplay                       PASS
testSmoothnessLogRecordRoundTrips                       PASS
testSmoothnessLogAppendIsBounded                        PASS
testSmoothnessLogTruncatesSets                          PASS
testDetailedHistoryKeepsWorkoutAndBlockMetrics          PASS
testLegacyHistoryHasSafeDetailFallbacks                 PASS
testSmoothnessStableWindowsScoreOneHundred              PASS
testSmoothnessRejectsStillWindows                       PASS
testSmoothnessPenalizesDifferentEffortAndTiming         PASS
testTrackerScoreTotalAccumulatesScoredWindows           PASS
testSetSummaryTracksOpenState                           PASS
testSmoothnessHistoryKeepsLatestTwelveSessions          PASS
testSetSummaryUsesCumulativeSnapshotDifference          PASS
testSetSummaryRejectsShortSet                           PASS
testSetSummaryExcludesClosedRestWindow                  PASS
testSetSummaryCompletesBoundaryOnce                     PASS
testSetSummaryPreservesMissingBoundary                  PASS
testSwingCounterCountsSpacedPeaks                       PASS
testSwingCounterIgnoresRestingBaseline                  PASS
testSwingCounterNeedsReArmBelowLowThreshold             PASS
testSwingCounterEnforcesRefractoryGap                   PASS
testSwingCounterUsesAllAxes                             PASS
testSwingCounterResets                                  PASS
testSwingCounterManualCorrectionNeverGoesNegative       PASS
testMaceCounterUsesGyroNotAcceleration                  PASS
testMaceCounterCountsSeparatedGyroPeaks                 PASS
testMaceCounterRejectsGyroTremorAndResets               PASS
testMaceCounterUpdatesDuringRestWithoutCounting         PASS
testSwingSeriesTracksEventsTotalAndRollingCadence       PASS
testSwingSeriesRollingWindowEvictsTheOldestSecond       PASS
testSwingSeriesCorrectionDoesNotInventAnEvent           PASS
testSyntheticWorkoutUsesProductionMotionPipeline        PASS
testSyntheticWorkoutDistinguishesSmoothAndIrregularWork PASS
testSyntheticSpikeBecomesSessionPeak                    PASS
testSyntheticRestPreservesGravityWithoutDynamicLoad     PASS
testSyntheticWorkoutProducesSwingTimeSeries             PASS
testTrainingLoadEmptyLogIsUnavailable                   PASS
testTrainingLoadIgnoresSessionsOutsideTheChronicWindow  PASS
testTrainingLoadSteadyWeekMatchesBaseline               PASS
testTrainingLoadSpikeAboveBaselineReadsHigh             PASS
testTrainingLoadQuietWeekAfterABusyMonthReadsLow        PASS
testCustomEditorWalksSetsWorkRestAndSaves               PASS
testCustomEditorAdjustsAndClampsEachField               PASS
testInputHintsMatchTheHardware                          PASS
testHistoryDetailScrollWrapsThroughOverviewAndSets      PASS
testHistoryDetailRendersLegacyRecordsWithoutDetails     PASS
testLayoutFitsThisScreen                                PASS
testReferenceScreenLayoutIsUnchanged                    PASS
testIdleIntervalScreenRenders                           PASS
testStartCountdownScreenRenders                         PASS
testPausedAndDoneSummariesRender                        PASS
testIntervalWorkoutScreenRenders                        PASS
testFreeTrainingScreensRender                           PASS
testRestPageCyclesAndResetsWithPhase                    PASS
testComboWorkScreenRenders                              PASS
testDiscardResetsTheViewState                           PASS
testRepCountAdjustmentsAreGuarded                       PASS
testWorkoutCountdownCallbackIsRuntimeResolvable         PASS
testEquipmentMenuOffersEveryImplement                   PASS
testMovementMenuFollowsTheImplement                     PASS
testHistoryMenuBuildsWithAnEmptyLog                     PASS
testDiscardConfirmationOnlyActsOnYes                    PASS
testAccentSurvivesATwoColourPanel                       PASS
testRestOptionsLabelsAreCompact                         PASS
testSettingsMenuCornerLabels                            PASS
testSettingsMenuTrainingModeLabels                      PASS
testSettingsMenuCueLabels                               PASS
testSettingsMenuWristLabels                             PASS
testAboutRowReportsTheAppVersion                        PASS
testSettingsMenuPropertyFallbacks                       PASS
testSettingsMenuLiveLabelsMatchTheirValueForms          PASS
testSettingsMenuMovementLabels                          PASS
testWeightEditorAdjustsInHalfUnitsAndClamps             PASS
testWeightEditorSavesTheConfiguredDefault               PASS
testWeightEditorScreenRenders                           PASS
testWeightEditorDelegateRoutesPaging                    PASS
testWorkoutSummaryPagesCoverAggregatesAndEverySet       PASS
testWorkoutSummaryPagingWraps                           PASS
testWorkoutSummaryHandlesAZeroSetSession                PASS
testWorkoutSummaryFallbackTextRendersWithNoData         PASS
testWorkoutSummaryDelegateRoutesPaging                  PASS
testWorkoutSessionSaveIsSafeWithoutASession             PASS
testFitFieldsWritesAreSafeWithoutASession               PASS
testFreeTrainingSelectCompletesWorkAndEntersRest        PASS
testFreeTrainingSelectLeavesRestWithoutCompletingSet    PASS
testPlanStartsInWorkSet1                                PASS
testWorkCountsDown                                      PASS
testRestBeginsWhenWorkEnds                              PASS
testNextSetBeginsAfterRest                              PASS
testLastSetHasNoTrailingRest                            PASS
testDoneStaysDone                                       PASS
testZeroRestPlanChainsSets                              PASS
testCompletedSetsDuringPlan                             PASS
testStartCountdownRoundsUpAndStopsAtDeadline            PASS
testWorkToRestCountsSetAndStopsMetronome                PASS
testAdvanceWarningFiresOnceWithinFiveSeconds            PASS
testRestToWorkRestartsWithoutCountingSet                PASS
testAdvanceWarningOnlyPrecedesAnotherWorkSet            PASS
testZeroRestRolloverCountsSetAndKeepsWorking            PASS
testCompletionCountsFinalSetAndPauses                   PASS
testSkippedRefreshCountsEveryCompletedSet               PASS
testCustomPresetIsLastAndWellFormed                     PASS
testChallengePresetsAreSingleRestlessIntervals          PASS
testPlanExposesItsConfiguredShape                       PASS
testZeroRestPlanRunsWorkThenFinishes                    PASS
testCustomPresetDefaults                                PASS
testCustomClampKeepsValuesSane                          PASS
testBuiltInPresetsCarryLoopPatterns                     PASS
testCustomPresetCarriesPhonePattern                     PASS
testPresetsAreWellFormed                                PASS
testWorkBlockKeepsDomainContext                         PASS
testMovementLabelsCoverSupportedVocabulary              PASS
testWorkoutSessionStartsIdle                            PASS
testAddSetCounts                                        PASS
testSetSummaryTracksWorkAndRestDurations                PASS
testZeroRestDoesNotEraseCompletedRest                   PASS
testEquipmentSelectionPreparesChosenSessionProfile      PASS
testMovementSelectionResolvesAgainstEquipment           PASS
testWorkBlocksRecordTheMovementActiveAtCompletion       PASS
testSideSetCountsFollowTheSideAtCompletion              PASS
testComboForcesAlternatingSide                          PASS
testSelectWorkingSideRejectsUnknownValues               PASS
testEquipmentLabelFollowsSelection                      PASS
testSmoothnessQueriesAreSafeWithoutData                 PASS
testForceSwingCountingWaitsForALiveSession              PASS
testBlocksWithoutSwingCounterCarryNoCount               PASS
testStartWithDebugLoggingDoesNotThrow                   PASS
testDiscardResetsSessionForAnotherWorkout               PASS
testBatteryDeltaMeasuresDrain                           PASS
testBatteryDeltaFloorsSolarGains                        PASS
Ran 191 tests
PASSED (passed=191, failed=0, errors=0)
Success!
